Kingdom,Phylum,Class,Order,Family,Genus,Species,Mock,Sample,ASV,contam_phy,contam_harsh
Bacteria,Firmicutes,Clostridia,Clostridiales,Lachnospiraceae,Family_Lachnospiraceae,Family_Lachnospiraceae,0.0586780669768222,8.55374002500547,ASV_0001,FALSE,FALSE
Bacteria,Firmicutes,Clostridia,Clostridiales,Lachnospiraceae,Family_Lachnospiraceae,Family_Lachnospiraceae,0.0181622588261592,5.9885057280576,ASV_0002,FALSE,FALSE
Bacteria,Bacteroidetes,Bacteroidia,Bacteroidales,Muribaculaceae,Family_Muribaculaceae,Family_Muribaculaceae,0.00838258099668888,3.89576611959093,ASV_0004,FALSE,FALSE
Bacteria,Firmicutes,Clostridia,Clostridiales,Lachnospiraceae,Family_Lachnospiraceae,Family_Lachnospiraceae,0.00977967782947036,3.16619462148003,ASV_0005,FALSE,FALSE
Bacteria,Firmicutes,Clostridia,Clostridiales,Lachnospiraceae,Family_Lachnospiraceae,Family_Lachnospiraceae,0.00558838733112592,3.34623338229219,ASV_0006,FALSE,FALSE
Bacteria,Bacteroidetes,Bacteroidia,Bacteroidales,Order_Bacteroidales,Order_Bacteroidales,Order_Bacteroidales,0,3.12981872732552,ASV_0007,FALSE,FALSE
Bacteria,Bacteroidetes,Bacteroidia,Bacteroidales,Muribaculaceae,Duncaniella,Genus_Duncaniella,0.0069854841639074,2.54470559902758,ASV_0008,FALSE,FALSE
Bacteria,Bacteroidetes,Bacteroidia,Bacteroidales,Muribaculaceae,Family_Muribaculaceae,Family_Muribaculaceae,0.00977967782947036,2.2739309208708,ASV_0009,FALSE,FALSE
Bacteria,Firmicutes,Clostridia,Clostridiales,Lachnospiraceae,Family_Lachnospiraceae,Family_Lachnospiraceae,0.00977967782947036,2.31603821708469,ASV_0010,FALSE,FALSE
Bacteria,Bacteroidetes,Bacteroidia,Bacteroidales,Muribaculaceae,Duncaniella,Genus_Duncaniella,0.00558838733112592,1.94582171032966,ASV_0011,FALSE,FALSE
Bacteria,Bacteroidetes,Bacteroidia,Bacteroidales,Muribaculaceae,Family_Muribaculaceae,Family_Muribaculaceae,0.00279419366556296,1.8504183912479,ASV_0012,FALSE,FALSE
Bacteria,Bacteroidetes,Bacteroidia,Bacteroidales,Prevotellaceae,Prevotella,Genus_Prevotella,0.00419129049834444,1.84728283173269,ASV_0013,FALSE,FALSE
Bacteria,Firmicutes,Clostridia,Clostridiales,Lachnospiraceae,Family_Lachnospiraceae,Family_Lachnospiraceae,0.00977967782947036,1.74887270864444,ASV_0014,FALSE,FALSE
Bacteria,Firmicutes,Clostridia,Clostridiales,Lachnospiraceae,Acetatifactor,Genus_Acetatifactor,0.00419129049834444,1.52461035205256,ASV_0015,FALSE,FALSE
Bacteria,Firmicutes,Clostridia,Clostridiales,Ruminococcaceae,Ruminococcus,Genus_Ruminococcus,0.00279419366556296,1.42942927179003,ASV_0016,FALSE,FALSE
Bacteria,Bacteroidetes,Bacteroidia,Bacteroidales,Muribaculaceae,Family_Muribaculaceae,Family_Muribaculaceae,0.00279419366556296,1.40069463420504,ASV_0017,FALSE,FALSE
Bacteria,Firmicutes,Bacilli,Lactobacillales,Lactobacillaceae,Limosilactobacillus,Genus_Limosilactobacillus,0.00279419366556296,1.25306102699798,ASV_0018,FALSE,FALSE
Bacteria,Firmicutes,Clostridia,Clostridiales,Ruminococcaceae,Oscillibacter,Genus_Oscillibacter,0,1.22656913391295,ASV_0019,FALSE,FALSE
Bacteria,Bacteroidetes,Bacteroidia,Bacteroidales,Muribaculaceae,Duncaniella,Genus_Duncaniella,0.00139709683278148,1.17894984592343,ASV_0020,FALSE,FALSE
Bacteria,Bacteroidetes,Bacteroidia,Bacteroidales,Muribaculaceae,Duncaniella,Genus_Duncaniella,0.00279419366556296,1.14140481183615,ASV_0021,FALSE,FALSE
Bacteria,Firmicutes,Clostridia,Clostridiales,Lachnospiraceae,Family_Lachnospiraceae,Family_Lachnospiraceae,0.00139709683278148,1.22181875054814,ASV_0022,FALSE,FALSE
Bacteria,Bacteroidetes,Bacteroidia,Bacteroidales,Muribaculaceae,Duncaniella,Genus_Duncaniella,0.00139709683278148,1.16962772897838,ASV_0023,FALSE,FALSE
Bacteria,Bacteroidetes,Bacteroidia,Bacteroidales,Muribaculaceae,Paramuribaculum,Genus_Paramuribaculum,0,1.13174215210654,ASV_0024,FALSE,FALSE
Bacteria,Bacteroidetes,Bacteroidia,Bacteroidales,Order_Bacteroidales,Order_Bacteroidales,Order_Bacteroidales,0,1.01723971312355,ASV_0025,FALSE,FALSE
Bacteria,Bacteroidetes,Bacteroidia,Bacteroidales,Muribaculaceae,Duncaniella,Genus_Duncaniella,0,0.949517066708797,ASV_0026,FALSE,FALSE
Bacteria,Bacteroidetes,Bacteroidia,Bacteroidales,Muribaculaceae,Paramuribaculum,Genus_Paramuribaculum,0.00139709683278148,0.88273164428342,ASV_0027,FALSE,FALSE
Bacteria,Firmicutes,Bacilli,Lactobacillales,Lactobacillaceae,Lactobacillus,acidophilus/gasseri/johnsonii/taiwanensis,0,0.820808596071938,ASV_0028,FALSE,FALSE
Bacteria,Firmicutes,Clostridia,Clostridiales,Lachnospiraceae,Family_Lachnospiraceae,Family_Lachnospiraceae,0,0.887315951469844,ASV_0029,FALSE,FALSE
Bacteria,Bacteroidetes,Bacteroidia,Bacteroidales,Muribaculaceae,Duncaniella,Genus_Duncaniella,0,0.872654028082764,ASV_0030,FALSE,FALSE
Bacteria,Bacteroidetes,Bacteroidia,Bacteroidales,Muribaculaceae,Duncaniella,Genus_Duncaniella,0.00279419366556296,0.776198083534101,ASV_0031,FALSE,FALSE
Bacteria,Firmicutes,Clostridia,Clostridiales,Ruminococcaceae,Family_Ruminococcaceae,Family_Ruminococcaceae,0.00419129049834444,0.767878117282616,ASV_0032,FALSE,FALSE
Bacteria,Bacteroidetes,Bacteroidia,Bacteroidales,Rikenellaceae,Family_Rikenellaceae,Family_Rikenellaceae,0.00558838733112592,0.712283186196947,ASV_0033,FALSE,FALSE
Bacteria,Bacteroidetes,Bacteroidia,Bacteroidales,Muribaculaceae,Duncaniella,Genus_Duncaniella,0,0.70562678723004,ASV_0034,FALSE,FALSE
Bacteria,Firmicutes,Bacilli,Lactobacillales,Lactobacillaceae,Lactobacillus,intestinalis,0,0.647360966984281,ASV_0035,FALSE,FALSE
Bacteria,Bacteroidetes,Bacteroidia,Bacteroidales,Muribaculaceae,Paramuribaculum,Genus_Paramuribaculum,0,0.704995162226214,ASV_0036,FALSE,FALSE
Bacteria,Bacteroidetes,Bacteroidia,Bacteroidales,Muribaculaceae,Duncaniella,Genus_Duncaniella,0.00279419366556296,0.670474452534432,ASV_0037,FALSE,TRUE
Bacteria,Firmicutes,Clostridia,Clostridiales,Ruminococcaceae,Family_Ruminococcaceae,Family_Ruminococcaceae,0,0.613806802102737,ASV_0038,FALSE,FALSE
Bacteria,Firmicutes,Clostridia,Clostridiales,Lachnospiraceae,Family_Lachnospiraceae,Family_Lachnospiraceae,0,0.594877102005351,ASV_0039,FALSE,FALSE
Bacteria,Firmicutes,Clostridia,Clostridiales,Ruminococcaceae,Intestinimonas,Genus_Intestinimonas,0,0.608149143492135,ASV_0040,FALSE,FALSE
Bacteria,Firmicutes,Clostridia,Clostridiales,Lachnospiraceae,Family_Lachnospiraceae,Family_Lachnospiraceae,0.00279419366556296,0.575808086026678,ASV_0041,FALSE,FALSE
Bacteria,Bacteroidetes,Bacteroidia,Bacteroidales,Muribaculaceae,Family_Muribaculaceae,Family_Muribaculaceae,0.00139709683278148,0.593002489243487,ASV_0042,FALSE,FALSE
Bacteria,Firmicutes,Clostridia,Clostridiales,Ruminococcaceae,Intestinimonas,Genus_Intestinimonas,0.00139709683278148,0.59128354588177,ASV_0043,FALSE,FALSE
Bacteria,Firmicutes,Bacilli,Lactobacillales,Lactobacillaceae,Limosilactobacillus,Genus_Limosilactobacillus,0.00139709683278148,0.536482202810119,ASV_0044,FALSE,FALSE
Bacteria,Bacteroidetes,Bacteroidia,Bacteroidales,Muribaculaceae,Paramuribaculum,Genus_Paramuribaculum,0,0.541764275101917,ASV_0045,FALSE,FALSE
Bacteria,Bacteroidetes,Bacteroidia,Bacteroidales,Muribaculaceae,Duncaniella,Genus_Duncaniella,0.00279419366556296,0.492068050913424,ASV_0046,FALSE,FALSE
Bacteria,Bacteroidetes,Bacteroidia,Bacteroidales,Muribaculaceae,Family_Muribaculaceae,Family_Muribaculaceae,0,0.471557377322189,ASV_0047,FALSE,FALSE
Bacteria,Firmicutes,Clostridia,Clostridiales,Order_Clostridiales,Order_Clostridiales,Order_Clostridiales,0,0.489793391219981,ASV_0048,FALSE,FALSE
Bacteria,Bacteroidetes,Bacteroidia,Bacteroidales,Muribaculaceae,Family_Muribaculaceae,Family_Muribaculaceae,0.00139709683278148,0.462478674210965,ASV_0049,FALSE,FALSE
Bacteria,Bacteroidetes,Bacteroidia,Bacteroidales,Muribaculaceae,Paramuribaculum,Genus_Paramuribaculum,0.00139709683278148,0.451559955345745,ASV_0050,FALSE,FALSE
Bacteria,Firmicutes,Clostridia,Clostridiales,Lachnospiraceae,Family_Lachnospiraceae,Family_Lachnospiraceae,0.00139709683278148,0.457881411729051,ASV_0051,FALSE,FALSE
Bacteria,Firmicutes,Clostridia,Clostridiales,Lachnospiraceae,Family_Lachnospiraceae,Family_Lachnospiraceae,0,0.454096741507572,ASV_0052,FALSE,FALSE
Bacteria,Firmicutes,Clostridia,Clostridiales,Ruminococcaceae,Family_Ruminococcaceae,Family_Ruminococcaceae,0.00139709683278148,0.430784142928227,ASV_0053,FALSE,FALSE
Bacteria,Bacteroidetes,Bacteroidia,Bacteroidales,Muribaculaceae,Paramuribaculum,Genus_Paramuribaculum,0,0.408310471502809,ASV_0054,FALSE,FALSE
Bacteria,Bacteroidetes,Bacteroidia,Bacteroidales,Muribaculaceae,Duncaniella,Genus_Duncaniella,0,0.406958458077956,ASV_0055,FALSE,FALSE
Bacteria,Firmicutes,Clostridia,Clostridiales,Eubacteriaceae,Eubacterium,Genus_Eubacterium,0.00139709683278148,0.417786713996267,ASV_0056,FALSE,FALSE
Bacteria,Proteobacteria,Deltaproteobacteria,Desulfovibrionales,Desulfovibrionaceae,Family_Desulfovibrionaceae,Family_Desulfovibrionaceae,0,0.400988185711898,ASV_0057,FALSE,FALSE
Bacteria,Bacteroidetes,Bacteroidia,Bacteroidales,Bacteroidaceae,Bacteroides,acidifaciens,0,0.418148957263203,ASV_0058,FALSE,FALSE
Bacteria,Firmicutes,Phylum_Firmicutes,Phylum_Firmicutes,Phylum_Firmicutes,Phylum_Firmicutes,Phylum_Firmicutes,0,0.409054270950238,ASV_0059,FALSE,FALSE
Bacteria,Bacteroidetes,Bacteroidia,Bacteroidales,Rikenellaceae,Alistipes,Genus_Alistipes,0.00139709683278148,0.385197053668861,ASV_0061,FALSE,FALSE
Bacteria,Firmicutes,Clostridia,Clostridiales,Lachnospiraceae,Family_Lachnospiraceae,Family_Lachnospiraceae,0.00139709683278148,0.356785763140739,ASV_0062,FALSE,FALSE
Bacteria,Firmicutes,Clostridia,Clostridiales,Lachnospiraceae,Family_Lachnospiraceae,Family_Lachnospiraceae,0,0.355535084929616,ASV_0063,FALSE,FALSE
Bacteria,Firmicutes,Clostridia,Clostridiales,Lachnospiraceae,Faecalicatena,Genus_Faecalicatena,0,0.356586852589196,ASV_0064,FALSE,FALSE
Bacteria,Firmicutes,Bacilli,Bacillales,Bacillaceae_1,Family_Bacillaceae_1,Family_Bacillaceae_1,20.1475334255417,0.000385156518408092,ASV_0065,FALSE,FALSE
Bacteria,Firmicutes,Clostridia,Clostridiales,Ruminococcaceae,Intestinimonas,Genus_Intestinimonas,0,0.346757809882443,ASV_0066,FALSE,FALSE
Bacteria,Bacteroidetes,Bacteroidia,Bacteroidales,Muribaculaceae,Family_Muribaculaceae,Family_Muribaculaceae,0.00139709683278148,0.359686833045519,ASV_0067,FALSE,FALSE
Bacteria,Bacteroidetes,Bacteroidia,Bacteroidales,Muribaculaceae,Duncaniella,Genus_Duncaniella,0,0.35454135045934,ASV_0068,FALSE,FALSE
Bacteria,Firmicutes,Clostridia,Clostridiales,Lachnospiraceae,Family_Lachnospiraceae,Family_Lachnospiraceae,0,0.345669627736668,ASV_0069,FALSE,FALSE
Bacteria,Firmicutes,Clostridia,Clostridiales,Lachnospiraceae,Family_Lachnospiraceae,Family_Lachnospiraceae,0.00139709683278148,0.427577091783322,ASV_0070,FALSE,FALSE
Bacteria,Firmicutes,Clostridia,Clostridiales,Lachnospiraceae,Family_Lachnospiraceae,Family_Lachnospiraceae,0,0.343991151222177,ASV_0071,FALSE,FALSE
Bacteria,Bacteroidetes,Bacteroidia,Bacteroidales,Muribaculaceae,Duncaniella,Genus_Duncaniella,0,0.33257057236445,ASV_0072,FALSE,FALSE
Bacteria,Bacteroidetes,Bacteroidia,Bacteroidales,Order_Bacteroidales,Order_Bacteroidales,Order_Bacteroidales,0,0.343411281020996,ASV_0073,FALSE,FALSE
Bacteria,Bacteroidetes,Bacteroidia,Bacteroidales,Muribaculaceae,Duncaniella,Genus_Duncaniella,0.00139709683278148,0.331635927927978,ASV_0074,FALSE,FALSE
Bacteria,Firmicutes,Clostridia,Clostridiales,Lachnospiraceae,Family_Lachnospiraceae,Family_Lachnospiraceae,0,0.308069708603066,ASV_0075,FALSE,FALSE
Bacteria,Firmicutes,Clostridia,Clostridiales,Lachnospiraceae,Family_Lachnospiraceae,Family_Lachnospiraceae,0,0.281124569121941,ASV_0076,FALSE,FALSE
Bacteria,Bacteroidetes,Bacteroidia,Bacteroidales,Bacteroidaceae,Phocaeicola,Genus_Phocaeicola,0.00139709683278148,0.310748567219644,ASV_0077,FALSE,FALSE
Bacteria,Bacteroidetes,Bacteroidia,Bacteroidales,Muribaculaceae,Duncaniella,Genus_Duncaniella,0,0.305908108509511,ASV_0078,FALSE,FALSE
Bacteria,Bacteroidetes,Bacteroidia,Bacteroidales,Muribaculaceae,Duncaniella,Genus_Duncaniella,0,0.302634493439542,ASV_0079,FALSE,FALSE
Bacteria,Bacteroidetes,Bacteroidia,Bacteroidales,Muribaculaceae,Duncaniella,Genus_Duncaniella,0,0.291434130806136,ASV_0080,FALSE,FALSE
Bacteria,Bacteroidetes,Bacteroidia,Bacteroidales,Muribaculaceae,Paramuribaculum,Genus_Paramuribaculum,0,0.284242414073603,ASV_0081,FALSE,FALSE
Bacteria,Bacteroidetes,Bacteroidia,Bacteroidales,Bacteroidaceae,Bacteroides,uniformis,0,0.290823627147743,ASV_0082,FALSE,FALSE
Bacteria,Bacteroidetes,Bacteroidia,Bacteroidales,Rikenellaceae,Alistipes,Genus_Alistipes,0.00139709683278148,0.271396835663812,ASV_0083,FALSE,FALSE
Bacteria,Bacteroidetes,Bacteroidia,Bacteroidales,Rikenellaceae,Alistipes,Genus_Alistipes,0,0.26504508861957,ASV_0084,FALSE,FALSE
Bacteria,Firmicutes,Clostridia,Clostridiales,Lachnospiraceae,Family_Lachnospiraceae,Family_Lachnospiraceae,0.00139709683278148,0.273627442403053,ASV_0085,FALSE,FALSE
Bacteria,Firmicutes,Bacilli,Bacillales,Listeriaceae,Listeria,innocua/ivanovii/marthii/monocytogenes/seeligeri/welshimeri,14.6974586808612,0.00031191595088591,ASV_0086,FALSE,FALSE
Bacteria,Bacteroidetes,Bacteroidia,Bacteroidales,Order_Bacteroidales,Order_Bacteroidales,Order_Bacteroidales,0,0.255650190705356,ASV_0087,FALSE,FALSE
Bacteria,Bacteroidetes,Bacteroidia,Bacteroidales,Muribaculaceae,Duncaniella,Genus_Duncaniella,0,0.244949886528013,ASV_0088,FALSE,FALSE
Bacteria,Bacteroidetes,Bacteroidia,Bacteroidales,Rikenellaceae,Alistipes,Genus_Alistipes,0.00139709683278148,0.239260406143356,ASV_0089,FALSE,FALSE
Bacteria,Firmicutes,Clostridia,Clostridiales,Clostridiaceae_1,Family_Clostridiaceae_1,Family_Clostridiaceae_1,0,0.245814622534403,ASV_0090,FALSE,FALSE
Bacteria,Bacteroidetes,Bacteroidia,Bacteroidales,Muribaculaceae,Duncaniella,Genus_Duncaniella,0,0.227075609077268,ASV_0091,FALSE,FALSE
Bacteria,Firmicutes,Clostridia,Clostridiales,Ruminococcaceae,Oscillibacter,Genus_Oscillibacter,0.00139709683278148,0.220505515318894,ASV_0092,FALSE,FALSE
Bacteria,Firmicutes,Clostridia,Clostridiales,Order_Clostridiales,Order_Clostridiales,Order_Clostridiales,0,0.222603521237751,ASV_0093,FALSE,FALSE
Bacteria,Firmicutes,Bacilli,Bacillales,Staphylococcaceae,Staphylococcus,argenteus/aureus/equorum/haemolyticus/lugdunensis/simiae,12.3866605194406,0.000166886482811101,ASV_0094,FALSE,FALSE
Bacteria,Firmicutes,Erysipelotrichia,Erysipelotrichales,Erysipelotrichaceae,Family_Erysipelotrichaceae,Family_Erysipelotrichaceae,0,0.233439452591657,ASV_0095,FALSE,FALSE
Bacteria,Proteobacteria,Gammaproteobacteria,Enterobacterales,Enterobacteriaceae,Salmonella,Genus_Salmonella,12.2707014823197,0.000160777403928901,ASV_0096,FALSE,FALSE
Bacteria,Firmicutes,Clostridia,Clostridiales,Lachnospiraceae,Family_Lachnospiraceae,Family_Lachnospiraceae,0.00279419366556296,0.255589863630554,ASV_0097,FALSE,FALSE
Bacteria,Firmicutes,Clostridia,Clostridiales,Lachnospiraceae,Family_Lachnospiraceae,Family_Lachnospiraceae,0,0.200880538851092,ASV_0098,FALSE,FALSE
Bacteria,Firmicutes,Clostridia,Clostridiales,Ruminococcaceae,Neglecta,Genus_Neglecta,0,0.202779450827423,ASV_0099,FALSE,FALSE
Bacteria,Firmicutes,Clostridia,Clostridiales,Lachnospiraceae,Family_Lachnospiraceae,Family_Lachnospiraceae,0,0.204662957947451,ASV_0101,FALSE,FALSE
Bacteria,Firmicutes,Clostridia,Clostridiales,Ruminococcaceae,Family_Ruminococcaceae,Family_Ruminococcaceae,0.00139709683278148,0.187883499173297,ASV_0102,FALSE,FALSE
Bacteria,Firmicutes,Clostridia,Clostridiales,Lachnospiraceae,Family_Lachnospiraceae,Family_Lachnospiraceae,0,0.210766936551836,ASV_0103,FALSE,FALSE
Bacteria,Bacteroidetes,Bacteroidia,Bacteroidales,Muribaculaceae,Duncaniella,Genus_Duncaniella,0,0.191029184617908,ASV_0104,FALSE,FALSE
Bacteria,Firmicutes,Clostridia,Clostridiales,Ruminococcaceae,Ruminococcus,Genus_Ruminococcus,0,0.171618313514958,ASV_0105,FALSE,FALSE
Bacteria,Firmicutes,Clostridia,Clostridiales,Ruminococcaceae,Family_Ruminococcaceae,Family_Ruminococcaceae,0,0.180743079865431,ASV_0106,FALSE,FALSE
Bacteria,Firmicutes,Clostridia,Clostridiales,Lachnospiraceae,Anaerotignum,Genus_Anaerotignum,0,0.190634007276846,ASV_0107,FALSE,FALSE
Bacteria,Bacteroidetes,Bacteroidia,Bacteroidales,Muribaculaceae,Duncaniella,Genus_Duncaniella,0,0.181785356418085,ASV_0108,FALSE,FALSE
Bacteria,Firmicutes,Clostridia,Clostridiales,Lachnospiraceae,Lacrimispora,Genus_Lacrimispora,0.00279419366556296,0.169502630330888,ASV_0109,FALSE,FALSE
Bacteria,Firmicutes,Phylum_Firmicutes,Phylum_Firmicutes,Phylum_Firmicutes,Phylum_Firmicutes,Phylum_Firmicutes,0,0.170875068815079,ASV_0110,FALSE,FALSE
Bacteria,Actinobacteria,Coriobacteriia,Eggerthellales,Eggerthellaceae,Adlercreutzia,Genus_Adlercreutzia,0,0.168279437103192,ASV_0111,FALSE,FALSE
Bacteria,Firmicutes,Bacilli,Lactobacillales,Lactobacillaceae,Limosilactobacillus,Genus_Limosilactobacillus,9.33959232714419,0.000303297628467941,ASV_0112,FALSE,FALSE
Bacteria,Proteobacteria,Gammaproteobacteria,Enterobacterales,Enterobacteriaceae,Escherichia/Shigella,"albertii/boydii/coli/coli,/dysenteriae/fergusonii/flexneri/sonnei/vulneris",9.1356161895581,0.00206124921605441,ASV_0113,FALSE,FALSE
Bacteria,Firmicutes,Clostridia,Clostridiales,Lachnospiraceae,Roseburia,Genus_Roseburia,0,0.186519692039272,ASV_0114,FALSE,FALSE
Bacteria,Firmicutes,Clostridia,Clostridiales,Order_Clostridiales,Order_Clostridiales,Order_Clostridiales,0,0.164558028766786,ASV_0116,FALSE,FALSE
Bacteria,Firmicutes,Clostridia,Clostridiales,Order_Clostridiales,Order_Clostridiales,Order_Clostridiales,0,0.159120596599278,ASV_0117,FALSE,FALSE
Bacteria,Firmicutes,Clostridia,Clostridiales,Lachnospiraceae,Family_Lachnospiraceae,Family_Lachnospiraceae,0,0.165135832075306,ASV_0118,FALSE,FALSE
Bacteria,Firmicutes,Clostridia,Clostridiales,Order_Clostridiales,Order_Clostridiales,Order_Clostridiales,0,0.158946569068602,ASV_0119,FALSE,FALSE
Bacteria,Bacteroidetes,Bacteroidia,Bacteroidales,Bacteroidaceae,Phocaeicola,Genus_Phocaeicola,0,0.143407211796862,ASV_0121,FALSE,FALSE
Bacteria,Firmicutes,Bacilli,Lactobacillales,Enterococcaceae,Enterococcus,durans/faecalis/faecium,8.0263213043296,0.00249781590545508,ASV_0122,FALSE,FALSE
Bacteria,Bacteroidetes,Bacteroidia,Bacteroidales,Rikenellaceae,Alistipes,Genus_Alistipes,0,0.140353935499678,ASV_0123,FALSE,FALSE
Bacteria,Proteobacteria,Deltaproteobacteria,Desulfovibrionales,Desulfovibrionaceae,Mailhella,Genus_Mailhella,0,0.133606463391571,ASV_0125,FALSE,FALSE
Bacteria,Firmicutes,Clostridia,Clostridiales,Ruminococcaceae,Family_Ruminococcaceae,Family_Ruminococcaceae,0.00139709683278148,0.139649383903713,ASV_0126,FALSE,FALSE
Bacteria,Bacteroidetes,Bacteroidia,Bacteroidales,Order_Bacteroidales,Order_Bacteroidales,Order_Bacteroidales,0,0.137012536192149,ASV_0127,FALSE,FALSE
Bacteria,Firmicutes,Clostridia,Clostridiales,Ruminococcaceae,Family_Ruminococcaceae,Family_Ruminococcaceae,0,0.131138564913243,ASV_0129,FALSE,FALSE
Bacteria,Bacteroidetes,Bacteroidia,Bacteroidales,Bacteroidaceae,Phocaeicola,Genus_Phocaeicola,0,0.128728143244482,ASV_0130,FALSE,FALSE
Bacteria,Firmicutes,Clostridia,Class_Clostridia,Class_Clostridia,Class_Clostridia,Class_Clostridia,0,0.126872942949222,ASV_0131,FALSE,FALSE
Bacteria,Firmicutes,Clostridia,Class_Clostridia,Class_Clostridia,Class_Clostridia,Class_Clostridia,0,0.126610807900475,ASV_0132,FALSE,FALSE
Bacteria,Proteobacteria,Deltaproteobacteria,Desulfovibrionales,Desulfovibrionaceae,Family_Desulfovibrionaceae,Family_Desulfovibrionaceae,0,0.126058957526301,ASV_0133,FALSE,FALSE
Bacteria,Firmicutes,Clostridia,Clostridiales,Ruminococcaceae,Oscillibacter,valericigenes,0,0.121443511091604,ASV_0134,FALSE,FALSE
Bacteria,Bacteroidetes,Bacteroidia,Bacteroidales,Odoribacteraceae,Odoribacter,Genus_Odoribacter,0,0.121531833236854,ASV_0135,FALSE,FALSE
Bacteria,Bacteroidetes,Bacteroidia,Bacteroidales,Porphyromonadaceae,Parabacteroides,goldsteinii,0,0.121232682065931,ASV_0136,FALSE,FALSE
Bacteria,Proteobacteria,Gammaproteobacteria,Pseudomonadales,Pseudomonadaceae,Pseudomonas,aeruginosa/alcaligenes/alcaliphila/anguilliseptica/azelaica/balearica/citronellolis/delhiensis/denitrificans/fluorescens/fragi/guezennei/knackmussii/mendocina/mosselii/nitroreducens/otitidis/panipatensis/peli/pseudoalcaligenes/putida/resinovorans/sp/stutzeri/thermaerum/tropicalis,6.53981027425011,0.000284202403215216,ASV_0137,FALSE,FALSE
Bacteria,Firmicutes,Clostridia,Clostridiales,Ruminococcaceae,Family_Ruminococcaceae,Family_Ruminococcaceae,0.00139709683278148,0.116420429686112,ASV_0138,FALSE,FALSE
Bacteria,Proteobacteria,Deltaproteobacteria,Desulfovibrionales,Desulfovibrionaceae,Family_Desulfovibrionaceae,Family_Desulfovibrionaceae,0,0.116253804078264,ASV_0139,FALSE,FALSE
Bacteria,Firmicutes,Clostridia,Clostridiales,Lachnospiraceae,Family_Lachnospiraceae,Family_Lachnospiraceae,0,0.113749629601006,ASV_0140,FALSE,FALSE
Bacteria,Firmicutes,Clostridia,Clostridiales,Order_Clostridiales,Order_Clostridiales,Order_Clostridiales,0,0.114481825997655,ASV_0141,FALSE,FALSE
Bacteria,Firmicutes,Clostridia,Clostridiales,Lachnospiraceae,Family_Lachnospiraceae,Family_Lachnospiraceae,0,0.133837060658201,ASV_0142,FALSE,FALSE
Bacteria,Actinobacteria,Coriobacteriia,Eggerthellales,Eggerthellaceae,Family_Eggerthellaceae,Family_Eggerthellaceae,0,0.111108856614953,ASV_0143,FALSE,FALSE
Bacteria,Firmicutes,Clostridia,Clostridiales,Lachnospiraceae,Anaerotignum,Genus_Anaerotignum,0,0.106401251833605,ASV_0144,FALSE,FALSE
Bacteria,Firmicutes,Clostridia,Clostridiales,Ruminococcaceae,Oscillibacter,Genus_Oscillibacter,0,0.108823167688965,ASV_0145,FALSE,FALSE
Bacteria,Firmicutes,Erysipelotrichia,Erysipelotrichales,Erysipelotrichaceae,Longibaculum,Genus_Longibaculum,0,0.11076571524757,ASV_0146,FALSE,FALSE
Bacteria,Firmicutes,Clostridia,Clostridiales,Ruminococcaceae,Oscillibacter,Genus_Oscillibacter,0.00139709683278148,0.110575089375392,ASV_0147,FALSE,FALSE
Bacteria,Bacteroidetes,Bacteroidia,Bacteroidales,Muribaculaceae,Duncaniella,Genus_Duncaniella,0,0.101383587969112,ASV_0148,FALSE,FALSE
Bacteria,Firmicutes,Clostridia,Clostridiales,Ruminococcaceae,Family_Ruminococcaceae,Family_Ruminococcaceae,0.00139709683278148,0.105099671206068,ASV_0149,FALSE,FALSE
Bacteria,Firmicutes,Clostridia,Clostridiales,Ruminococcaceae,Pseudoflavonifractor,Genus_Pseudoflavonifractor,0.00139709683278148,0.102533437021709,ASV_0150,FALSE,FALSE
Bacteria,Firmicutes,Clostridia,Clostridiales,Ruminococcaceae,Acutalibacter,Genus_Acutalibacter,0,0.100344642282067,ASV_0151,FALSE,FALSE
Bacteria,Firmicutes,Clostridia,Clostridiales,Ruminococcaceae,Anaerotruncus,Genus_Anaerotruncus,0,0.100700239719872,ASV_0152,FALSE,FALSE
Bacteria,Firmicutes,Clostridia,Clostridiales,Order_Clostridiales,Order_Clostridiales,Order_Clostridiales,0,0.101528399415325,ASV_0153,FALSE,FALSE
Bacteria,Firmicutes,Clostridia,Clostridiales,Ruminococcaceae,Family_Ruminococcaceae,Family_Ruminococcaceae,0,0.110326604079048,ASV_0154,FALSE,FALSE
Bacteria,Firmicutes,Clostridia,Clostridiales,Ruminococcaceae,Family_Ruminococcaceae,Family_Ruminococcaceae,0,0.0981591587859344,ASV_0155,FALSE,FALSE
Bacteria,Firmicutes,Clostridia,Clostridiales,Order_Clostridiales,Order_Clostridiales,Order_Clostridiales,0,0.0975829820528602,ASV_0156,FALSE,FALSE
Bacteria,Firmicutes,Clostridia,Clostridiales,Clostridiales_Incertae_Sedis_XIII,Ihubacter,Genus_Ihubacter,0,0.098713665218695,ASV_0157,FALSE,FALSE
Bacteria,Firmicutes,Clostridia,Clostridiales,Ruminococcaceae,Family_Ruminococcaceae,Family_Ruminococcaceae,0,0.099020561016,ASV_0158,FALSE,FALSE
Bacteria,Bacteroidetes,Bacteroidia,Bacteroidales,Muribaculaceae,Family_Muribaculaceae,Family_Muribaculaceae,0,0.0906351546384858,ASV_0159,FALSE,FALSE
Bacteria,Firmicutes,Clostridia,Clostridiales,Lachnospiraceae,Anaerotignum,Genus_Anaerotignum,0,0.0936798798349853,ASV_0160,FALSE,FALSE
Bacteria,Actinobacteria,Coriobacteriia,Eggerthellales,Eggerthellaceae,Family_Eggerthellaceae,Family_Eggerthellaceae,0,0.0927865021309718,ASV_0161,FALSE,FALSE
Bacteria,Firmicutes,Clostridia,Clostridiales,Order_Clostridiales,Order_Clostridiales,Order_Clostridiales,0,0.0921977676895934,ASV_0162,FALSE,FALSE
Bacteria,Firmicutes,Clostridia,Clostridiales,Order_Clostridiales,Order_Clostridiales,Order_Clostridiales,0.00139709683278148,0.0891175943217099,ASV_0163,FALSE,FALSE
Bacteria,Firmicutes,Clostridia,Clostridiales,Lachnospiraceae,Family_Lachnospiraceae,Family_Lachnospiraceae,0,0.0859958242382102,ASV_0164,FALSE,FALSE
Bacteria,Firmicutes,Clostridia,Clostridiales,Lachnospiraceae,Family_Lachnospiraceae,Family_Lachnospiraceae,0.00139709683278148,0.0854020746944554,ASV_0165,FALSE,FALSE
Bacteria,Firmicutes,Clostridia,Clostridiales,Ruminococcaceae,Anaerotruncus,Genus_Anaerotruncus,0.00139709683278148,0.086147620052539,ASV_0166,FALSE,FALSE
Bacteria,Firmicutes,Clostridia,Clostridiales,Ruminococcaceae,Family_Ruminococcaceae,Family_Ruminococcaceae,0,0.0836515594833228,ASV_0167,FALSE,FALSE
Bacteria,Bacteroidetes,Bacteroidia,Bacteroidales,Muribaculaceae,Duncaniella,Genus_Duncaniella,0,0.0804798487357621,ASV_0168,FALSE,FALSE
Bacteria,Firmicutes,Clostridia,Clostridiales,Ruminococcaceae,Intestinimonas,Genus_Intestinimonas,0,0.082228478713364,ASV_0169,FALSE,FALSE
Bacteria,Bacteroidetes,Bacteroidia,Bacteroidales,Muribaculaceae,Paramuribaculum,Genus_Paramuribaculum,0,0.0831836462070822,ASV_0170,FALSE,FALSE
Bacteria,Firmicutes,Clostridia,Clostridiales,Lachnospiraceae,Family_Lachnospiraceae,Family_Lachnospiraceae,0,0.0858742313453171,ASV_0172,FALSE,FALSE
Bacteria,Firmicutes,Clostridia,Clostridiales,Lachnospiraceae,Family_Lachnospiraceae,Family_Lachnospiraceae,0,0.0929285790988173,ASV_0173,FALSE,FALSE
Bacteria,Firmicutes,Clostridia,Clostridiales,Ruminococcaceae,Family_Ruminococcaceae,Family_Ruminococcaceae,0,0.0785793041743829,ASV_0174,FALSE,FALSE
Bacteria,Firmicutes,Clostridia,Clostridiales,Order_Clostridiales,Order_Clostridiales,Order_Clostridiales,0,0.0704116364811106,ASV_0175,FALSE,FALSE
Bacteria,Firmicutes,Clostridia,Clostridiales,Ruminococcaceae,Family_Ruminococcaceae,Family_Ruminococcaceae,0,0.0710873023112972,ASV_0176,FALSE,FALSE
Bacteria,Firmicutes,Clostridia,Clostridiales,Lachnospiraceae,Family_Lachnospiraceae,Family_Lachnospiraceae,0,0.0668436452797655,ASV_0177,FALSE,FALSE
Bacteria,Firmicutes,Clostridia,Clostridiales,Order_Clostridiales,Order_Clostridiales,Order_Clostridiales,0,0.0761704779848582,ASV_0178,FALSE,FALSE
Bacteria,Firmicutes,Clostridia,Clostridiales,Order_Clostridiales,Order_Clostridiales,Order_Clostridiales,0,0.0734604598418798,ASV_0179,FALSE,FALSE
Bacteria,Firmicutes,Clostridia,Clostridiales,Lachnospiraceae,Family_Lachnospiraceae,Family_Lachnospiraceae,0.00139709683278148,0.0665743541934213,ASV_0180,FALSE,FALSE
Bacteria,Firmicutes,Clostridia,Clostridiales,Ruminococcaceae,Family_Ruminococcaceae,Family_Ruminococcaceae,0,0.06948672246731,ASV_0181,FALSE,FALSE
Bacteria,Firmicutes,Clostridia,Clostridiales,Ruminococcaceae,Family_Ruminococcaceae,Family_Ruminococcaceae,0,0.0686716341429124,ASV_0182,FALSE,FALSE
Bacteria,Firmicutes,Clostridia,Clostridiales,Ruminococcaceae,Pseudoflavonifractor,Genus_Pseudoflavonifractor,0,0.0681956248622501,ASV_0183,FALSE,FALSE
Bacteria,Firmicutes,Clostridia,Clostridiales,Ruminococcaceae,Family_Ruminococcaceae,Family_Ruminococcaceae,0,0.0606754562868994,ASV_0185,FALSE,FALSE
Bacteria,Firmicutes,Clostridia,Clostridiales,Peptococcaceae_1,Peptococcus,Genus_Peptococcus,0,0.0645445654848376,ASV_0186,FALSE,FALSE
Bacteria,Firmicutes,Clostridia,Clostridiales,Lachnospiraceae,Family_Lachnospiraceae,Family_Lachnospiraceae,0,0.0606736998710286,ASV_0187,FALSE,FALSE
Bacteria,Firmicutes,Phylum_Firmicutes,Phylum_Firmicutes,Phylum_Firmicutes,Phylum_Firmicutes,Phylum_Firmicutes,0,0.0733773014026716,ASV_0188,FALSE,FALSE
Bacteria,Firmicutes,Erysipelotrichia,Erysipelotrichales,Erysipelotrichaceae,Holdemania,Genus_Holdemania,0,0.063842596794497,ASV_0189,FALSE,FALSE
Bacteria,Firmicutes,Clostridia,Clostridiales,Ruminococcaceae,Family_Ruminococcaceae,Family_Ruminococcaceae,0,0.0636203543349815,ASV_0190,FALSE,FALSE
Bacteria,Firmicutes,Clostridia,Clostridiales,Lachnospiraceae,Marvinbryantia,Genus_Marvinbryantia,0,0.0607962363445777,ASV_0191,FALSE,FALSE
Bacteria,Proteobacteria,Deltaproteobacteria,Desulfovibrionales,Desulfovibrionaceae,Mailhella,Genus_Mailhella,0.00139709683278148,0.061719636103701,ASV_0192,FALSE,FALSE
Bacteria,Firmicutes,Clostridia,Clostridiales,Ruminococcaceae,Family_Ruminococcaceae,Family_Ruminococcaceae,0,0.0579602398767677,ASV_0193,FALSE,FALSE
Bacteria,Bacteroidetes,Bacteroidia,Bacteroidales,Bacteroidaceae,Bacteroides,Genus_Bacteroides,0,0.0579146932502303,ASV_0194,FALSE,FALSE
Bacteria,Actinobacteria,Coriobacteriia,Eggerthellales,Eggerthellaceae,Enteroscipio,Genus_Enteroscipio,0,0.0560507329548707,ASV_0195,FALSE,FALSE
Bacteria,Bacteroidetes,Bacteroidia,Bacteroidales,Muribaculaceae,Paramuribaculum,Genus_Paramuribaculum,0,0.0533946721622516,ASV_0196,FALSE,FALSE
Bacteria,Firmicutes,Clostridia,Clostridiales,Ruminococcaceae,Agathobaculum,Genus_Agathobaculum,0,0.0514047065869099,ASV_0197,FALSE,FALSE
Bacteria,Firmicutes,Clostridia,Clostridiales,Order_Clostridiales,Order_Clostridiales,Order_Clostridiales,0,0.0555967870038677,ASV_0198,FALSE,FALSE
Bacteria,Firmicutes,Clostridia,Clostridiales,Ruminococcaceae,Intestinimonas,Genus_Intestinimonas,0.00139709683278148,0.051207348863309,ASV_0200,FALSE,FALSE
Bacteria,Bacteroidetes,Bacteroidia,Bacteroidales,Muribaculaceae,Family_Muribaculaceae,Family_Muribaculaceae,0,0.0485154989279788,ASV_0201,FALSE,FALSE
Bacteria,Firmicutes,Clostridia,Clostridiales,Ruminococcaceae,Family_Ruminococcaceae,Family_Ruminococcaceae,0,0.0506831294229886,ASV_0202,FALSE,FALSE
Bacteria,Firmicutes,Clostridia,Clostridiales,Ruminococcaceae,Colidextribacter,Genus_Colidextribacter,0,0.0473835839655873,ASV_0203,FALSE,FALSE
Bacteria,Bacteroidetes,Bacteroidia,Bacteroidales,Muribaculaceae,Family_Muribaculaceae,Family_Muribaculaceae,0,0.0455097066152578,ASV_0204,FALSE,FALSE
Bacteria,Firmicutes,Clostridia,Clostridiales,Ruminococcaceae,Intestinimonas,Genus_Intestinimonas,0,0.0465134542954949,ASV_0205,FALSE,FALSE
Bacteria,Firmicutes,Phylum_Firmicutes,Phylum_Firmicutes,Phylum_Firmicutes,Phylum_Firmicutes,Phylum_Firmicutes,0,0.0435410900425783,ASV_0206,FALSE,FALSE
Bacteria,Firmicutes,Clostridia,Clostridiales,Ruminococcaceae,Family_Ruminococcaceae,Family_Ruminococcaceae,0,0.0440983738114434,ASV_0207,FALSE,FALSE
Bacteria,Bacteroidetes,Bacteroidia,Bacteroidales,Muribaculaceae,Paramuribaculum,Genus_Paramuribaculum,0,0.0430694338259192,ASV_0208,FALSE,FALSE
Bacteria,Firmicutes,Clostridia,Clostridiales,Ruminococcaceae,Family_Ruminococcaceae,Family_Ruminococcaceae,0,0.0419716036233374,ASV_0209,FALSE,FALSE
Bacteria,Firmicutes,Clostridia,Clostridiales,Lachnospiraceae,Family_Lachnospiraceae,Family_Lachnospiraceae,0,0.0403993102694058,ASV_0210,FALSE,FALSE
Bacteria,Firmicutes,Clostridia,Clostridiales,Ruminococcaceae,Family_Ruminococcaceae,Family_Ruminococcaceae,0,0.0397628636675743,ASV_0211,FALSE,FALSE
Bacteria,Actinobacteria,Coriobacteriia,Eggerthellales,Eggerthellaceae,Family_Eggerthellaceae,Family_Eggerthellaceae,0,0.0433267276283085,ASV_0212,FALSE,FALSE
Bacteria,Firmicutes,Clostridia,Clostridiales,Lachnospiraceae,Family_Lachnospiraceae,Family_Lachnospiraceae,0,0.039289630568916,ASV_0214,FALSE,FALSE
Bacteria,Firmicutes,Clostridia,Clostridiales,Ruminococcaceae,Lawsonibacter,Genus_Lawsonibacter,0,0.044069864152348,ASV_0215,FALSE,FALSE
Bacteria,Firmicutes,Bacilli,Bacillales,Staphylococcaceae,Staphylococcus,aureus,2.23116364195202,3.62235692871612e-05,ASV_0216,FALSE,FALSE
Bacteria,Actinobacteria,Coriobacteriia,Eggerthellales,Eggerthellaceae,Family_Eggerthellaceae,Family_Eggerthellaceae,0,0.0456307732011932,ASV_0218,FALSE,FALSE
Bacteria,Firmicutes,Clostridia,Clostridiales,Ruminococcaceae,Dysosmobacter,Genus_Dysosmobacter,0,0.0363548296888969,ASV_0220,FALSE,FALSE
Bacteria,Firmicutes,Bacilli,Bacillales,Bacillaceae_1,Family_Bacillaceae_1,Family_Bacillaceae_1,2.05792363468712,1.45326869194192e-05,ASV_0221,FALSE,FALSE
Bacteria,Actinobacteria,Coriobacteriia,Eggerthellales,Eggerthellaceae,Adlercreutzia,Genus_Adlercreutzia,0,0.0364087524919454,ASV_0222,FALSE,FALSE
Bacteria,Firmicutes,Clostridia,Clostridiales,Lachnospiraceae,Family_Lachnospiraceae,Family_Lachnospiraceae,0,0.0373689891554539,ASV_0223,FALSE,FALSE
Bacteria,Firmicutes,Clostridia,Clostridiales,Ruminococcaceae,Family_Ruminococcaceae,Family_Ruminococcaceae,0,0.0363822391775114,ASV_0224,FALSE,FALSE
Bacteria,Firmicutes,Clostridia,Clostridiales,Ruminococcaceae,Family_Ruminococcaceae,Family_Ruminococcaceae,0,0.0358264869519864,ASV_0225,FALSE,FALSE
Bacteria,Firmicutes,Clostridia,Clostridiales,Lachnospiraceae,Family_Lachnospiraceae,Family_Lachnospiraceae,0,0.0335660210480286,ASV_0226,FALSE,FALSE
Bacteria,Firmicutes,Clostridia,Clostridiales,Lachnospiraceae,Herbinix,Genus_Herbinix,0,0.0380374048879529,ASV_0227,FALSE,FALSE
Bacteria,Firmicutes,Clostridia,Clostridiales,Order_Clostridiales,Order_Clostridiales,Order_Clostridiales,0,0.0349868163922833,ASV_0228,FALSE,FALSE
Bacteria,Proteobacteria,Gammaproteobacteria,Enterobacterales,Enterobacteriaceae,Salmonella,enterica,1.89027201475334,4.34600376137913e-05,ASV_0229,FALSE,FALSE
Bacteria,Firmicutes,Clostridia,Clostridiales,Order_Clostridiales,Order_Clostridiales,Order_Clostridiales,0,0.0346332310606949,ASV_0230,FALSE,FALSE
Bacteria,Firmicutes,Clostridia,Clostridiales,Lachnospiraceae,Lachnospira,Genus_Lachnospira,0,0.0313841694747273,ASV_0232,FALSE,FALSE
Bacteria,Firmicutes,Erysipelotrichia,Erysipelotrichales,Erysipelotrichaceae,Amedibacillus,Genus_Amedibacillus,0.00139709683278148,0.0306014104454809,ASV_0233,FALSE,FALSE
Bacteria,Bacteroidetes,Bacteroidia,Bacteroidales,Muribaculaceae,Duncaniella,Genus_Duncaniella,0,0.0305084125478234,ASV_0234,FALSE,FALSE
Bacteria,Firmicutes,Clostridia,Clostridiales,Ruminococcaceae,Ruthenibacterium,Genus_Ruthenibacterium,0,0.0294021660611973,ASV_0235,FALSE,FALSE
Bacteria,Candidatus_Saccharibacteria,Phylum_Candidatus_Saccharibacteria,Phylum_Candidatus_Saccharibacteria,Phylum_Candidatus_Saccharibacteria,Phylum_Candidatus_Saccharibacteria,Phylum_Candidatus_Saccharibacteria,0,0.0312908502655183,ASV_0236,FALSE,FALSE
Bacteria,Firmicutes,Clostridia,Clostridiales,Lachnospiraceae,Family_Lachnospiraceae,Family_Lachnospiraceae,0,0.0342047847872458,ASV_0237,FALSE,FALSE
Bacteria,Firmicutes,Phylum_Firmicutes,Phylum_Firmicutes,Phylum_Firmicutes,Phylum_Firmicutes,Phylum_Firmicutes,0,0.0338949524773052,ASV_0238,FALSE,FALSE
Bacteria,Firmicutes,Clostridia,Clostridiales,Ruminococcaceae,Family_Ruminococcaceae,Family_Ruminococcaceae,0,0.030035199627156,ASV_0239,FALSE,FALSE
Bacteria,Bacteroidetes,Bacteroidia,Bacteroidales,Bacteroidaceae,Bacteroides,faecichinchillae,0.00139709683278148,0.0292116055694349,ASV_0240,FALSE,FALSE
Bacteria,Firmicutes,Clostridia,Clostridiales,Ruminococcaceae,Family_Ruminococcaceae,Family_Ruminococcaceae,0,0.0313897912611808,ASV_0241,FALSE,FALSE
Bacteria,Bacteroidetes,Bacteroidia,Bacteroidales,Muribaculaceae,Duncaniella,Genus_Duncaniella,0,0.0327620947074255,ASV_0242,FALSE,FALSE
Bacteria,Firmicutes,Clostridia,Clostridiales,Ruminococcaceae,Family_Ruminococcaceae,Family_Ruminococcaceae,0,0.0294818271462127,ASV_0243,FALSE,FALSE
Bacteria,Actinobacteria,Coriobacteriia,Eggerthellales,Eggerthellaceae,Slackia,Genus_Slackia,0,0.0268891226672493,ASV_0244,FALSE,FALSE
Bacteria,Firmicutes,Clostridia,Clostridiales,Order_Clostridiales,Order_Clostridiales,Order_Clostridiales,0,0.0268565297965767,ASV_0245,FALSE,FALSE
Bacteria,Firmicutes,Clostridia,Clostridiales,Order_Clostridiales,Order_Clostridiales,Order_Clostridiales,0,0.0294611620840715,ASV_0246,FALSE,FALSE
Bacteria,Bacteroidetes,Bacteroidia,Bacteroidales,Muribaculaceae,Duncaniella,Genus_Duncaniella,0,0.0292148848859968,ASV_0247,FALSE,FALSE
Bacteria,Actinobacteria,Coriobacteriia,Eggerthellales,Eggerthellaceae,Adlercreutzia,Genus_Adlercreutzia,0,0.0287356295847225,ASV_0248,FALSE,FALSE
Bacteria,Firmicutes,Phylum_Firmicutes,Phylum_Firmicutes,Phylum_Firmicutes,Phylum_Firmicutes,Phylum_Firmicutes,0,0.0283415974801275,ASV_0249,FALSE,FALSE
Bacteria,Firmicutes,Clostridia,Clostridiales,Ruminococcaceae,Flavonifractor,Genus_Flavonifractor,0,0.0285564680444645,ASV_0250,FALSE,FALSE
Bacteria,Firmicutes,Clostridia,Clostridiales,Lachnospiraceae,Family_Lachnospiraceae,Family_Lachnospiraceae,0,0.0272184954100855,ASV_0251,FALSE,FALSE
Bacteria,Firmicutes,Phylum_Firmicutes,Phylum_Firmicutes,Phylum_Firmicutes,Phylum_Firmicutes,Phylum_Firmicutes,0,0.027471077805852,ASV_0252,FALSE,FALSE
Bacteria,Actinobacteria,Coriobacteriia,Eggerthellales,Eggerthellaceae,Family_Eggerthellaceae,Family_Eggerthellaceae,0,0.0286073419445694,ASV_0253,FALSE,FALSE
Bacteria,Firmicutes,Clostridia,Clostridiales,Ruminococcaceae,Intestinimonas,Genus_Intestinimonas,0,0.0261960618993782,ASV_0254,FALSE,FALSE
Bacteria,Actinobacteria,Coriobacteriia,Eggerthellales,Eggerthellaceae,Adlercreutzia,Genus_Adlercreutzia,0,0.0285603203922489,ASV_0255,FALSE,FALSE
Bacteria,Bacteroidetes,Bacteroidia,Bacteroidales,Bacteroidaceae,Bacteroides,Genus_Bacteroides,0,0.026544340816492,ASV_0256,FALSE,FALSE
Bacteria,Proteobacteria,Deltaproteobacteria,Class_Deltaproteobacteria,Class_Deltaproteobacteria,Class_Deltaproteobacteria,Class_Deltaproteobacteria,0,0.0258020068830725,ASV_0257,FALSE,FALSE
Bacteria,Firmicutes,Clostridia,Clostridiales,Lachnospiraceae,Family_Lachnospiraceae,Family_Lachnospiraceae,0,0.0297207093480556,ASV_0258,FALSE,FALSE
Bacteria,Bacteroidetes,Bacteroidia,Bacteroidales,Order_Bacteroidales,Order_Bacteroidales,Order_Bacteroidales,0,0.0271804015673936,ASV_0259,FALSE,TRUE
Bacteria,Actinobacteria,Coriobacteriia,Eggerthellales,Eggerthellaceae,Family_Eggerthellaceae,Family_Eggerthellaceae,0,0.0264953882723169,ASV_0260,FALSE,FALSE
Bacteria,Firmicutes,Phylum_Firmicutes,Phylum_Firmicutes,Phylum_Firmicutes,Phylum_Firmicutes,Phylum_Firmicutes,0,0.0263445923864153,ASV_0261,FALSE,FALSE
Bacteria,Firmicutes,Clostridia,Clostridiales,Lachnospiraceae,Family_Lachnospiraceae,Family_Lachnospiraceae,0,0.0252579681621294,ASV_0262,FALSE,FALSE
Bacteria,Deferribacteres,Deferribacteres,Deferribacterales,Deferribacteraceae,Mucispirillum,schaedleri,0.00139709683278148,0.0266162717866273,ASV_0263,FALSE,FALSE
Bacteria,Firmicutes,Clostridia,Clostridiales,Ruminococcaceae,Anaerofilum,Genus_Anaerofilum,0,0.0237550594271408,ASV_0264,FALSE,FALSE
Bacteria,Firmicutes,Clostridia,Clostridiales,Ruminococcaceae,Intestinimonas,Genus_Intestinimonas,0,0.0233704236145408,ASV_0265,FALSE,FALSE
Bacteria,Bacteroidetes,Bacteroidia,Bacteroidales,Muribaculaceae,Duncaniella,Genus_Duncaniella,0,0.0228448559734879,ASV_0266,FALSE,FALSE
Bacteria,Firmicutes,Clostridia,Clostridiales,Ruminococcaceae,Massiliimalia,Genus_Massiliimalia,0,0.022921605163973,ASV_0267,FALSE,FALSE
Bacteria,Firmicutes,Clostridia,Clostridiales,Ruminococcaceae,Intestinimonas,Genus_Intestinimonas,0,0.0234209764400866,ASV_0268,FALSE,FALSE
Bacteria,Firmicutes,Phylum_Firmicutes,Phylum_Firmicutes,Phylum_Firmicutes,Phylum_Firmicutes,Phylum_Firmicutes,0,0.0234981300525167,ASV_0270,FALSE,FALSE
Bacteria,Bacteroidetes,Bacteroidia,Bacteroidales,Muribaculaceae,Duncaniella,Genus_Duncaniella,0,0.0213733287393971,ASV_0271,FALSE,FALSE
Bacteria,Proteobacteria,Betaproteobacteria,Burkholderiales,Sutterellaceae,Turicimonas,Genus_Turicimonas,0,0.0209374204852042,ASV_0272,FALSE,FALSE
Bacteria,Firmicutes,Clostridia,Clostridiales,Lachnospiraceae,Family_Lachnospiraceae,Family_Lachnospiraceae,0,0.0203565959022961,ASV_0273,FALSE,FALSE
Bacteria,Firmicutes,Clostridia,Clostridiales,Lachnospiraceae,Family_Lachnospiraceae,Family_Lachnospiraceae,0,0.0224568853989273,ASV_0274,FALSE,FALSE
Bacteria,Bacteroidetes,Bacteroidia,Bacteroidales,Muribaculaceae,Duncaniella,Genus_Duncaniella,0,0.0227140436734439,ASV_0275,FALSE,FALSE
Bacteria,Firmicutes,Clostridia,Clostridiales,Lachnospiraceae,Family_Lachnospiraceae,Family_Lachnospiraceae,0,0.0223754712996048,ASV_0277,FALSE,FALSE
Bacteria,Bacteroidetes,Bacteroidia,Bacteroidales,Bacteroidaceae,Bacteroides,Genus_Bacteroides,0,0.0223130439658826,ASV_0278,FALSE,FALSE
Bacteria,Firmicutes,Clostridia,Clostridiales,Ruminococcaceae,Family_Ruminococcaceae,Family_Ruminococcaceae,0,0.0203252746567108,ASV_0279,FALSE,FALSE
Bacteria,Firmicutes,Clostridia,Clostridiales,Order_Clostridiales,Order_Clostridiales,Order_Clostridiales,0,0.0205819534674969,ASV_0280,FALSE,FALSE
Bacteria,Bacteroidetes,Bacteroidia,Bacteroidales,Rikenellaceae,Alistipes,finegoldii,0,0.0186878566295003,ASV_0281,FALSE,FALSE
Bacteria,Firmicutes,Clostridia,Clostridiales,Lachnospiraceae,Family_Lachnospiraceae,Family_Lachnospiraceae,0,0.0170637438063499,ASV_0284,FALSE,FALSE
Bacteria,Proteobacteria,Phylum_Proteobacteria,Phylum_Proteobacteria,Phylum_Proteobacteria,Phylum_Proteobacteria,Phylum_Proteobacteria,0,0.0217989162841452,ASV_0285,FALSE,FALSE
Bacteria,Proteobacteria,Gammaproteobacteria,Enterobacterales,Enterobacteriaceae,Escherichia/Shigella,Genus_Escherichia/Shigella,1.00590971960267,0,ASV_0286,FALSE,FALSE
Bacteria,Actinobacteria,Coriobacteriia,Coriobacteriales,Atopobiaceae,Olsenella,Genus_Olsenella,0,0.016860790434603,ASV_0287,FALSE,FALSE
Bacteria,Firmicutes,Clostridia,Clostridiales,Ruminococcaceae,Anaerotruncus,Genus_Anaerotruncus,0,0.0181822657910935,ASV_0288,FALSE,FALSE
Bacteria,Proteobacteria,Alphaproteobacteria,Rhodospirillales,Order_Rhodospirillales,Order_Rhodospirillales,Order_Rhodospirillales,0,0.0174435008787792,ASV_0289,FALSE,FALSE
Bacteria,Firmicutes,Clostridia,Clostridiales,Lachnospiraceae,Family_Lachnospiraceae,Family_Lachnospiraceae,0,0.0176038806190815,ASV_0290,FALSE,FALSE
Bacteria,Firmicutes,Clostridia,Clostridiales,Lachnospiraceae,Family_Lachnospiraceae,Family_Lachnospiraceae,0,0.0185317265360623,ASV_0291,FALSE,FALSE
Bacteria,Actinobacteria,Coriobacteriia,Eggerthellales,Eggerthellaceae,Family_Eggerthellaceae,Family_Eggerthellaceae,0,0.0175994551223457,ASV_0292,FALSE,FALSE
Bacteria,Firmicutes,Clostridia,Clostridiales,Lachnospiraceae,Family_Lachnospiraceae,Family_Lachnospiraceae,0,0.017043354758137,ASV_0293,FALSE,FALSE
Bacteria,Firmicutes,Clostridia,Clostridiales,Ruminococcaceae,Family_Ruminococcaceae,Family_Ruminococcaceae,0,0.0162293276492165,ASV_0294,FALSE,FALSE
Bacteria,Firmicutes,Clostridia,Clostridiales,Ruminococcaceae,Family_Ruminococcaceae,Family_Ruminococcaceae,0,0.0159248760056823,ASV_0295,FALSE,FALSE
Bacteria,Firmicutes,Clostridia,Clostridiales,Lachnospiraceae,Family_Lachnospiraceae,Family_Lachnospiraceae,0,0.0166394061347102,ASV_0296,FALSE,FALSE
Bacteria,Bacteroidetes,Bacteroidia,Bacteroidales,Muribaculaceae,Family_Muribaculaceae,Family_Muribaculaceae,0,0.0150932165323252,ASV_0297,FALSE,FALSE
Bacteria,Firmicutes,Clostridia,Clostridiales,Ruminococcaceae,Family_Ruminococcaceae,Family_Ruminococcaceae,0,0.0156942886451126,ASV_0298,FALSE,FALSE
Bacteria,Firmicutes,Bacilli,Lactobacillales,Streptococcaceae,Streptococcus,alactolyticus/danieliae/equinus/gallolyticus/infantarius/luteciae/lutetiensis/pasteuri,0,0.0162380717262428,ASV_0299,FALSE,FALSE
Bacteria,Firmicutes,Phylum_Firmicutes,Phylum_Firmicutes,Phylum_Firmicutes,Phylum_Firmicutes,Phylum_Firmicutes,0,0.0147449532424126,ASV_0301,FALSE,FALSE
Bacteria,Firmicutes,Clostridia,Clostridiales,Lachnospiraceae,Family_Lachnospiraceae,Family_Lachnospiraceae,0,0.0135216618071924,ASV_0302,FALSE,FALSE
Bacteria,Actinobacteria,Coriobacteriia,Eggerthellales,Eggerthellaceae,Adlercreutzia,Genus_Adlercreutzia,0,0.0159036503534278,ASV_0303,FALSE,FALSE
Bacteria,Bacteroidetes,Bacteroidia,Bacteroidales,Bacteroidaceae,Phocaeicola,Genus_Phocaeicola,0,0.012925407722527,ASV_0304,FALSE,FALSE
Bacteria,Firmicutes,Clostridia,Clostridiales,Ruminococcaceae,Oscillibacter,Genus_Oscillibacter,0,0.0128867637728697,ASV_0305,FALSE,FALSE
Bacteria,Firmicutes,Clostridia,Clostridiales,Ruminococcaceae,Flavonifractor,Genus_Flavonifractor,0,0.013256332994269,ASV_0306,FALSE,FALSE
Bacteria,Firmicutes,Clostridia,Clostridiales,Lachnospiraceae,Anaerotignum,Genus_Anaerotignum,0,0.0149105527295597,ASV_0307,FALSE,FALSE
Bacteria,Bacteroidetes,Bacteroidia,Bacteroidales,Muribaculaceae,Duncaniella,Genus_Duncaniella,0,0.0130200489211662,ASV_0308,FALSE,FALSE
Bacteria,Firmicutes,Clostridia,Clostridiales,Ruminococcaceae,Monoglobus,Genus_Monoglobus,0,0.0126312814493366,ASV_0309,FALSE,FALSE
Bacteria,Firmicutes,Clostridia,Clostridiales,Order_Clostridiales,Order_Clostridiales,Order_Clostridiales,0,0.0129162170621887,ASV_0310,FALSE,FALSE
Bacteria,Bacteroidetes,Bacteroidia,Bacteroidales,Muribaculaceae,Duncaniella,Genus_Duncaniella,0,0.0126864977157226,ASV_0311,FALSE,FALSE
Bacteria,Proteobacteria,Phylum_Proteobacteria,Phylum_Proteobacteria,Phylum_Proteobacteria,Phylum_Proteobacteria,Phylum_Proteobacteria,0,0.0128855849976424,ASV_0312,FALSE,FALSE
Bacteria,Firmicutes,Clostridia,Clostridiales,Lachnospiraceae,Oribacterium,Genus_Oribacterium,0,0.0138533338595585,ASV_0313,FALSE,FALSE
Bacteria,Proteobacteria,Betaproteobacteria,Burkholderiales,Sutterellaceae,Turicimonas,Genus_Turicimonas,0,0.0115671141300079,ASV_0314,FALSE,FALSE
Bacteria,Firmicutes,Clostridia,Class_Clostridia,Class_Clostridia,Class_Clostridia,Class_Clostridia,0,0.0121801854612914,ASV_0315,FALSE,FALSE
Bacteria,Bacteroidetes,Bacteroidia,Bacteroidales,Bacteroidaceae,Bacteroides,Genus_Bacteroides,0,0.0145082346702972,ASV_0316,FALSE,FALSE
Bacteria,Firmicutes,Clostridia,Clostridiales,Order_Clostridiales,Order_Clostridiales,Order_Clostridiales,0,0.0117782735714963,ASV_0319,FALSE,FALSE
Bacteria,Firmicutes,Clostridia,Clostridiales,Ruminococcaceae,Anaerotruncus,Genus_Anaerotruncus,0,0.0119788504311211,ASV_0320,FALSE,FALSE
Bacteria,Bacteroidetes,Bacteroidia,Bacteroidales,Muribaculaceae,Paramuribaculum,Genus_Paramuribaculum,0,0.0109729973527443,ASV_0321,FALSE,FALSE
Bacteria,Bacteroidetes,Bacteroidia,Bacteroidales,Muribaculaceae,Duncaniella,Genus_Duncaniella,0,0.00961639296127024,ASV_0322,FALSE,FALSE
Bacteria,Firmicutes,Clostridia,Clostridiales,Ruminococcaceae,Oscillibacter,Genus_Oscillibacter,0,0.0102579759624117,ASV_0323,FALSE,FALSE
Bacteria,Proteobacteria,Betaproteobacteria,Burkholderiales,Sutterellaceae,Turicimonas,Genus_Turicimonas,0,0.0102298191827252,ASV_0324,FALSE,FALSE
Bacteria,Firmicutes,Phylum_Firmicutes,Phylum_Firmicutes,Phylum_Firmicutes,Phylum_Firmicutes,Phylum_Firmicutes,0,0.0114540980115182,ASV_0325,FALSE,FALSE
Bacteria,Bacteroidetes,Bacteroidia,Bacteroidales,Muribaculaceae,Duncaniella,Genus_Duncaniella,0,0.0111487247628046,ASV_0326,FALSE,FALSE
Bacteria,Firmicutes,Clostridia,Clostridiales,Lachnospiraceae,Marvinbryantia,Genus_Marvinbryantia,0,0.0120427254969274,ASV_0328,FALSE,FALSE
Bacteria,Firmicutes,Clostridia,Clostridiales,Ruminococcaceae,Family_Ruminococcaceae,Family_Ruminococcaceae,0,0.0106241038564447,ASV_0329,FALSE,FALSE
Bacteria,Firmicutes,Clostridia,Clostridiales,Ruminococcaceae,Intestinimonas,Genus_Intestinimonas,0,0.011982999435775,ASV_0330,FALSE,FALSE
Bacteria,Firmicutes,Clostridia,Clostridiales,Lachnospiraceae,Family_Lachnospiraceae,Family_Lachnospiraceae,0,0.0103421061826158,ASV_0331,FALSE,FALSE
Bacteria,Firmicutes,Clostridia,Clostridiales,Lachnospiraceae,Family_Lachnospiraceae,Family_Lachnospiraceae,0,0.0112587282732101,ASV_0332,FALSE,FALSE
Bacteria,Firmicutes,Clostridia,Clostridiales,Ruminococcaceae,Oscillibacter,Genus_Oscillibacter,0,0.0081560957507611,ASV_0333,FALSE,FALSE
Bacteria,Firmicutes,Phylum_Firmicutes,Phylum_Firmicutes,Phylum_Firmicutes,Phylum_Firmicutes,Phylum_Firmicutes,0,0.00977326854414732,ASV_0334,FALSE,FALSE
Bacteria,Firmicutes,Clostridia,Clostridiales,Order_Clostridiales,Order_Clostridiales,Order_Clostridiales,0,0.010276421713554,ASV_0335,FALSE,FALSE
Bacteria,Firmicutes,Clostridia,Clostridiales,Ruminococcaceae,Family_Ruminococcaceae,Family_Ruminococcaceae,0,0.00985315330394609,ASV_0336,FALSE,FALSE
Bacteria,Bacteroidetes,Bacteroidia,Bacteroidales,Muribaculaceae,Paramuribaculum,Genus_Paramuribaculum,0,0.00940349157500877,ASV_0338,FALSE,FALSE
Bacteria,Firmicutes,Erysipelotrichia,Erysipelotrichales,Erysipelotrichaceae,Turicibacter,Genus_Turicibacter,0,0.014085409984771,ASV_0339,FALSE,FALSE
Bacteria,Firmicutes,Clostridia,Clostridiales,Ruminococcaceae,Pseudoflavonifractor,Genus_Pseudoflavonifractor,0,0.00910160820605254,ASV_0340,FALSE,FALSE
Bacteria,Firmicutes,Clostridia,Clostridiales,Lachnospiraceae,Family_Lachnospiraceae,Family_Lachnospiraceae,0,0.0113908663145977,ASV_0341,FALSE,FALSE
Bacteria,Firmicutes,Phylum_Firmicutes,Phylum_Firmicutes,Phylum_Firmicutes,Phylum_Firmicutes,Phylum_Firmicutes,0,0.00969093524143677,ASV_0342,FALSE,FALSE
Bacteria,Actinobacteria,Coriobacteriia,Eggerthellales,Eggerthellaceae,Family_Eggerthellaceae,Family_Eggerthellaceae,0,0.0100770277224488,ASV_0344,FALSE,FALSE
Bacteria,Firmicutes,Clostridia,Clostridiales,Ruminococcaceae,Family_Ruminococcaceae,Family_Ruminococcaceae,0,0.00848314825959312,ASV_0345,FALSE,FALSE
Bacteria,Verrucomicrobia,Verrucomicrobiae,Verrucomicrobiales,Akkermansiaceae,Akkermansia,muciniphila,0,0.00920385179392575,ASV_0346,FALSE,FALSE
Bacteria,Bacteroidetes,Bacteroidia,Bacteroidales,Muribaculaceae,Duncaniella,Genus_Duncaniella,0,0.00892381549666524,ASV_0347,FALSE,FALSE
Bacteria,Firmicutes,Clostridia,Clostridiales,Ruminococcaceae,Family_Ruminococcaceae,Family_Ruminococcaceae,0,0.00836300631985469,ASV_0348,FALSE,FALSE
Bacteria,Firmicutes,Clostridia,Clostridiales,Ruminococcaceae,Family_Ruminococcaceae,Family_Ruminococcaceae,0,0.00851113428918211,ASV_0349,FALSE,FALSE
Bacteria,Bacteroidetes,Bacteroidia,Bacteroidales,Order_Bacteroidales,Order_Bacteroidales,Order_Bacteroidales,0,0.00872716301211034,ASV_0350,FALSE,FALSE
Bacteria,Firmicutes,Clostridia,Clostridiales,Lachnospiraceae,Family_Lachnospiraceae,Family_Lachnospiraceae,0,0.00804192364420601,ASV_0351,FALSE,FALSE
Bacteria,Firmicutes,Clostridia,Clostridiales,Order_Clostridiales,Order_Clostridiales,Order_Clostridiales,0,0.00952823531102443,ASV_0352,FALSE,FALSE
Bacteria,Firmicutes,Clostridia,Clostridiales,Order_Clostridiales,Order_Clostridiales,Order_Clostridiales,0,0.00891164849079482,ASV_0353,FALSE,FALSE
Bacteria,Actinobacteria,Coriobacteriia,Eggerthellales,Eggerthellaceae,Adlercreutzia,Genus_Adlercreutzia,0,0.00819532787577475,ASV_0354,FALSE,FALSE
Bacteria,Firmicutes,Clostridia,Clostridiales,Ruminococcaceae,Saccharofermentans,Genus_Saccharofermentans,0,0.00824736484296751,ASV_0355,FALSE,FALSE
Bacteria,Firmicutes,Clostridia,Clostridiales,Ruminococcaceae,Family_Ruminococcaceae,Family_Ruminococcaceae,0,0.00807105815032003,ASV_0356,FALSE,FALSE
Bacteria,Firmicutes,Clostridia,Clostridiales,Order_Clostridiales,Order_Clostridiales,Order_Clostridiales,0,0.00798505909250876,ASV_0357,FALSE,FALSE
Bacteria,Firmicutes,Clostridia,Clostridiales,Order_Clostridiales,Order_Clostridiales,Order_Clostridiales,0,0.00917744347846926,ASV_0358,FALSE,FALSE
Bacteria,Firmicutes,Clostridia,Clostridiales,Ruminococcaceae,Family_Ruminococcaceae,Family_Ruminococcaceae,0,0.0077345820507558,ASV_0360,FALSE,FALSE
Bacteria,Firmicutes,Erysipelotrichia,Erysipelotrichales,Erysipelotrichaceae,Amedibacillus,Genus_Amedibacillus,0,0.00707258445062458,ASV_0362,FALSE,FALSE
Bacteria,Firmicutes,Clostridia,Clostridiales,Ruminococcaceae,Flavonifractor,Genus_Flavonifractor,0,0.00753896515010634,ASV_0363,FALSE,FALSE
Bacteria,Firmicutes,Bacilli,Lactobacillales,Lactobacillaceae,Limosilactobacillus,Genus_Limosilactobacillus,0,0.0074174360051174,ASV_0364,FALSE,FALSE
Bacteria,Firmicutes,Phylum_Firmicutes,Phylum_Firmicutes,Phylum_Firmicutes,Phylum_Firmicutes,Phylum_Firmicutes,0.00139709683278148,0.00747036481477464,ASV_0365,FALSE,FALSE
Bacteria,Firmicutes,Clostridia,Clostridiales,Christensenellaceae,Christensenella,Genus_Christensenella,0,0.00660446433802047,ASV_0366,FALSE,FALSE
Bacteria,Firmicutes,Clostridia,Clostridiales,Ruminococcaceae,Intestinimonas,Genus_Intestinimonas,0,0.00678296267217917,ASV_0367,FALSE,FALSE
Bacteria,Bacteroidetes,Bacteroidia,Bacteroidales,Muribaculaceae,Duncaniella,Genus_Duncaniella,0,0.00597606648908421,ASV_0368,FALSE,FALSE
Bacteria,Firmicutes,Clostridia,Clostridiales,Order_Clostridiales,Order_Clostridiales,Order_Clostridiales,0,0.00574346200629938,ASV_0369,FALSE,FALSE
Bacteria,Proteobacteria,Deltaproteobacteria,Class_Deltaproteobacteria,Class_Deltaproteobacteria,Class_Deltaproteobacteria,Class_Deltaproteobacteria,0,0.00544095160496562,ASV_0370,FALSE,FALSE
Bacteria,Firmicutes,Clostridia,Class_Clostridia,Class_Clostridia,Class_Clostridia,Class_Clostridia,0,0.00596993543994179,ASV_0371,FALSE,FALSE
Bacteria,Firmicutes,Phylum_Firmicutes,Phylum_Firmicutes,Phylum_Firmicutes,Phylum_Firmicutes,Phylum_Firmicutes,0,0.00585228426991196,ASV_0372,FALSE,FALSE
Bacteria,Firmicutes,Clostridia,Clostridiales,Order_Clostridiales,Order_Clostridiales,Order_Clostridiales,0,0.00569513779378937,ASV_0373,FALSE,FALSE
Bacteria,Firmicutes,Clostridia,Clostridiales,Ruminococcaceae,Family_Ruminococcaceae,Family_Ruminococcaceae,0,0.00554483324980267,ASV_0374,FALSE,FALSE
Bacteria,Firmicutes,Clostridia,Clostridiales,Ruminococcaceae,Intestinimonas,Genus_Intestinimonas,0,0.00588376031848566,ASV_0375,FALSE,FALSE
Bacteria,Firmicutes,Clostridia,Clostridiales,Ruminococcaceae,Lawsonibacter,Genus_Lawsonibacter,0,0.00510149596079102,ASV_0376,FALSE,FALSE
Bacteria,Firmicutes,Clostridia,Clostridiales,Ruminococcaceae,Family_Ruminococcaceae,Family_Ruminococcaceae,0,0.00530137994228476,ASV_0377,FALSE,FALSE
Bacteria,Bacteroidetes,Bacteroidia,Bacteroidales,Bacteroidaceae,Bacteroides,Genus_Bacteroides,0,0.00573245666985824,ASV_0378,FALSE,FALSE
Bacteria,Firmicutes,Bacilli,Lactobacillales,Lactobacillaceae,Ligilactobacillus,Genus_Ligilactobacillus,0,0.00649168316104533,ASV_0380,FALSE,FALSE
Bacteria,Firmicutes,Phylum_Firmicutes,Phylum_Firmicutes,Phylum_Firmicutes,Phylum_Firmicutes,Phylum_Firmicutes,0,0.00522193741689389,ASV_0381,FALSE,FALSE
Bacteria,Firmicutes,Clostridia,Clostridiales,Ruminococcaceae,Family_Ruminococcaceae,Family_Ruminococcaceae,0,0.00523377218512903,ASV_0382,FALSE,FALSE
Bacteria,Bacteroidetes,Bacteroidia,Bacteroidales,Bacteroidaceae,Phocaeicola,Genus_Phocaeicola,0,0.0065783747716578,ASV_0383,FALSE,FALSE
Bacteria,Firmicutes,Bacilli,Lactobacillales,Lactobacillaceae,Limosilactobacillus,Genus_Limosilactobacillus,0,0.00494567791609297,ASV_0384,FALSE,FALSE
Bacteria,Firmicutes,Clostridia,Clostridiales,Ruminococcaceae,Family_Ruminococcaceae,Family_Ruminococcaceae,0,0.00472523275257947,ASV_0386,FALSE,FALSE
Bacteria,Bacteroidetes,Bacteroidia,Bacteroidales,Order_Bacteroidales,Order_Bacteroidales,Order_Bacteroidales,0,0.00452681744643752,ASV_0387,FALSE,FALSE
Bacteria,Bacteroidetes,Bacteroidia,Bacteroidales,Muribaculaceae,Paramuribaculum,Genus_Paramuribaculum,0,0.00429010049323133,ASV_0389,FALSE,FALSE
Bacteria,Firmicutes,Clostridia,Clostridiales,Lachnospiraceae,Agathobacter,Genus_Agathobacter,0,0.00433961584889494,ASV_0390,FALSE,FALSE
Bacteria,Firmicutes,Clostridia,Clostridiales,Ruminococcaceae,Family_Ruminococcaceae,Family_Ruminococcaceae,0,0.00472473657240386,ASV_0391,FALSE,FALSE
Bacteria,Firmicutes,Clostridia,Clostridiales,Ruminococcaceae,Family_Ruminococcaceae,Family_Ruminococcaceae,0,0.00426701162292147,ASV_0392,FALSE,FALSE
Bacteria,Bacteroidetes,Bacteroidia,Bacteroidales,Muribaculaceae,Family_Muribaculaceae,Family_Muribaculaceae,0,0.0041025729758048,ASV_0393,FALSE,FALSE
Bacteria,Firmicutes,Clostridia,Clostridiales,Ruminococcaceae,Family_Ruminococcaceae,Family_Ruminococcaceae,0,0.00418554790884372,ASV_0394,FALSE,FALSE
Bacteria,Firmicutes,Clostridia,Clostridiales,Ruminococcaceae,Lawsonibacter,Genus_Lawsonibacter,0,0.00423631186105499,ASV_0395,FALSE,FALSE
Bacteria,Firmicutes,Clostridia,Clostridiales,Eubacteriaceae,Anaerofustis,Genus_Anaerofustis,0,0.00423756756944553,ASV_0396,FALSE,FALSE
Bacteria,Actinobacteria,Actinobacteria,Bifidobacteriales,Bifidobacteriaceae,Bifidobacterium,Genus_Bifidobacterium,0,0.00348258590349997,ASV_0397,FALSE,FALSE
Bacteria,Firmicutes,Clostridia,Clostridiales,Order_Clostridiales,Order_Clostridiales,Order_Clostridiales,0,0.00362402452936352,ASV_0398,FALSE,FALSE
Bacteria,Firmicutes,Clostridia,Clostridiales,Ruminococcaceae,Family_Ruminococcaceae,Family_Ruminococcaceae,0,0.00403590246853762,ASV_0399,FALSE,FALSE
Bacteria,Bacteroidetes,Bacteroidia,Bacteroidales,Prevotellaceae,Prevotella,Genus_Prevotella,0,0.00401910876559566,ASV_0400,FALSE,FALSE
Bacteria,Firmicutes,Clostridia,Clostridiales,Ruminococcaceae,Oscillibacter,Genus_Oscillibacter,0,0.00379280744840813,ASV_0402,FALSE,FALSE
Bacteria,Firmicutes,Bacilli,Lactobacillales,Lactobacillaceae,Ligilactobacillus,Genus_Ligilactobacillus,0,0.00484054190879258,ASV_0403,FALSE,FALSE
Bacteria,Actinobacteria,Coriobacteriia,Eggerthellales,Eggerthellaceae,Family_Eggerthellaceae,Family_Eggerthellaceae,0,0.00348654307123375,ASV_0405,FALSE,FALSE
Bacteria,Firmicutes,Erysipelotrichia,Erysipelotrichales,Erysipelotrichaceae,Amedibacillus,Genus_Amedibacillus,0,0.0036188308254094,ASV_0407,FALSE,FALSE
Bacteria,Firmicutes,Clostridia,Clostridiales,Ruminococcaceae,Family_Ruminococcaceae,Family_Ruminococcaceae,0,0.003389586366988,ASV_0408,FALSE,FALSE
Bacteria,Bacteroidetes,Bacteroidia,Bacteroidales,Muribaculaceae,Duncaniella,Genus_Duncaniella,0,0.00351488533444149,ASV_0409,FALSE,FALSE
Bacteria,Firmicutes,Clostridia,Clostridiales,Ruminococcaceae,Family_Ruminococcaceae,Family_Ruminococcaceae,0,0.00332912918900122,ASV_0410,FALSE,FALSE
Bacteria,Bacteroidetes,Bacteroidia,Bacteroidales,Order_Bacteroidales,Order_Bacteroidales,Order_Bacteroidales,0,0.00331853285896503,ASV_0411,FALSE,FALSE
Bacteria,Firmicutes,Clostridia,Clostridiales,Ruminococcaceae,Family_Ruminococcaceae,Family_Ruminococcaceae,0,0.00324701511859648,ASV_0412,FALSE,FALSE
Bacteria,Bacteroidetes,Bacteroidia,Bacteroidales,Muribaculaceae,Duncaniella,Genus_Duncaniella,0,0.00317751269894657,ASV_0413,FALSE,FALSE
Bacteria,Firmicutes,Bacilli,Lactobacillales,Lactobacillaceae,Limosilactobacillus,Genus_Limosilactobacillus,0,0.00305796391242778,ASV_0414,FALSE,FALSE
Bacteria,Bacteroidetes,Bacteroidia,Bacteroidales,Muribaculaceae,Family_Muribaculaceae,Family_Muribaculaceae,0,0.00330038963154039,ASV_0415,FALSE,FALSE
Bacteria,Firmicutes,Clostridia,Clostridiales,Ruminococcaceae,Family_Ruminococcaceae,Family_Ruminococcaceae,0,0.00289579041646165,ASV_0416,FALSE,FALSE
Bacteria,Firmicutes,Clostridia,Clostridiales,Ruminococcaceae,Neglecta,Genus_Neglecta,0,0.00281521152023598,ASV_0417,FALSE,FALSE
Bacteria,Bacteroidetes,Bacteroidia,Bacteroidales,Rikenellaceae,Alistipes,Genus_Alistipes,0,0.00283657943124846,ASV_0418,FALSE,FALSE
Bacteria,Firmicutes,Clostridia,Clostridiales,Ruminococcaceae,Family_Ruminococcaceae,Family_Ruminococcaceae,0,0.00280037606494528,ASV_0419,FALSE,FALSE
Bacteria,Firmicutes,Clostridia,Clostridiales,Order_Clostridiales,Order_Clostridiales,Order_Clostridiales,0,0.00274596698492482,ASV_0420,FALSE,FALSE
Bacteria,Firmicutes,Clostridia,Clostridiales,Order_Clostridiales,Order_Clostridiales,Order_Clostridiales,0,0.00267544554169686,ASV_0421,FALSE,FALSE
Bacteria,Firmicutes,Erysipelotrichia,Erysipelotrichales,Erysipelotrichaceae,Faecalibaculum,Genus_Faecalibaculum,0,0.00251317183303605,ASV_0422,FALSE,FALSE
Bacteria,Firmicutes,Clostridia,Clostridiales,Ruminococcaceae,Family_Ruminococcaceae,Family_Ruminococcaceae,0,0.00247127474341767,ASV_0425,FALSE,FALSE
Bacteria,Firmicutes,Clostridia,Clostridiales,Order_Clostridiales,Order_Clostridiales,Order_Clostridiales,0,0.00262241552676097,ASV_0428,FALSE,FALSE
Bacteria,Actinobacteria,Coriobacteriia,Eggerthellales,Eggerthellaceae,Adlercreutzia,Genus_Adlercreutzia,0,0.00260784555764837,ASV_0429,FALSE,FALSE
Bacteria,Firmicutes,Clostridia,Clostridiales,Catabacteriaceae,Catabacter,Genus_Catabacter,0,0.00236051099500393,ASV_0430,FALSE,FALSE
Bacteria,Bacteroidetes,Bacteroidia,Bacteroidales,Bacteroidaceae,Bacteroides,Genus_Bacteroides,0,0.00266295139654578,ASV_0431,FALSE,FALSE
Bacteria,Firmicutes,Clostridia,Clostridiales,Ruminococcaceae,Family_Ruminococcaceae,Family_Ruminococcaceae,0,0.00226030676289413,ASV_0432,FALSE,FALSE
Bacteria,Firmicutes,Clostridia,Class_Clostridia,Class_Clostridia,Class_Clostridia,Class_Clostridia,0,0.00234727330660152,ASV_0434,FALSE,FALSE
Bacteria,Firmicutes,Clostridia,Clostridiales,Lachnospiraceae,Family_Lachnospiraceae,Family_Lachnospiraceae,0,0.00262624675964801,ASV_0435,FALSE,FALSE
Bacteria,Firmicutes,Phylum_Firmicutes,Phylum_Firmicutes,Phylum_Firmicutes,Phylum_Firmicutes,Phylum_Firmicutes,0,0.00222780999845536,ASV_0436,FALSE,FALSE
Bacteria,Firmicutes,Erysipelotrichia,Erysipelotrichales,Erysipelotrichaceae,Family_Erysipelotrichaceae,Family_Erysipelotrichaceae,0,0.00221155488013735,ASV_0437,FALSE,FALSE
Bacteria,Firmicutes,Bacilli,Lactobacillales,Lactobacillaceae,Ligilactobacillus,Genus_Ligilactobacillus,0,0.00287207631640624,ASV_0438,FALSE,FALSE
Bacteria,Firmicutes,Erysipelotrichia,Erysipelotrichales,Erysipelotrichaceae,Family_Erysipelotrichaceae,Family_Erysipelotrichaceae,0,0.00219222209908262,ASV_0439,FALSE,FALSE
Bacteria,Firmicutes,Clostridia,Clostridiales,Ruminococcaceae,Agathobaculum,Genus_Agathobaculum,0,0.00180462312576806,ASV_0440,FALSE,FALSE
Bacteria,Bacteroidetes,Bacteroidia,Bacteroidales,Muribaculaceae,Duncaniella,Genus_Duncaniella,0,0.00195400508988491,ASV_0441,FALSE,FALSE
Bacteria,Bacteroidetes,Bacteroidia,Bacteroidales,Muribaculaceae,Duncaniella,Genus_Duncaniella,0,0.00197745581665341,ASV_0442,FALSE,FALSE
Bacteria,Firmicutes,Clostridia,Clostridiales,Order_Clostridiales,Order_Clostridiales,Order_Clostridiales,0,0.00188397777828416,ASV_0443,FALSE,FALSE
Bacteria,Firmicutes,Clostridia,Clostridiales,Ruminococcaceae,Family_Ruminococcaceae,Family_Ruminococcaceae,0,0.00172178505644026,ASV_0445,FALSE,FALSE
Bacteria,Firmicutes,Clostridia,Clostridiales,Ruminococcaceae,Family_Ruminococcaceae,Family_Ruminococcaceae,0,0.00179561001078977,ASV_0446,FALSE,FALSE
Bacteria,Firmicutes,Clostridia,Clostridiales,Order_Clostridiales,Order_Clostridiales,Order_Clostridiales,0,0.00188054556395688,ASV_0447,FALSE,FALSE
Bacteria,Firmicutes,Phylum_Firmicutes,Phylum_Firmicutes,Phylum_Firmicutes,Phylum_Firmicutes,Phylum_Firmicutes,0,0.00169454181512647,ASV_0448,FALSE,FALSE
Bacteria,Bacteroidetes,Bacteroidia,Bacteroidales,Rikenellaceae,Alistipes,Genus_Alistipes,0,0.00165754893765013,ASV_0449,FALSE,FALSE
Bacteria,Firmicutes,Clostridia,Clostridiales,Ruminococcaceae,Family_Ruminococcaceae,Family_Ruminococcaceae,0,0.00170566760490406,ASV_0450,FALSE,FALSE
Bacteria,Bacteroidetes,Phylum_Bacteroidetes,Phylum_Bacteroidetes,Phylum_Bacteroidetes,Phylum_Bacteroidetes,Phylum_Bacteroidetes,0,0.00158661680017776,ASV_0451,FALSE,FALSE
Bacteria,Firmicutes,Bacilli,Lactobacillales,Lactobacillaceae,Limosilactobacillus,Genus_Limosilactobacillus,0,0.00137651002950606,ASV_0452,FALSE,FALSE
Bacteria,Bacteroidetes,Bacteroidia,Bacteroidales,Rikenellaceae,Alistipes,Genus_Alistipes,0,0.00165870173069093,ASV_0453,FALSE,FALSE
Bacteria,Firmicutes,Clostridia,Clostridiales,Ruminococcaceae,Intestinimonas,Genus_Intestinimonas,0,0.00170936822891004,ASV_0454,FALSE,FALSE
Bacteria,Firmicutes,Erysipelotrichia,Erysipelotrichales,Erysipelotrichaceae,Family_Erysipelotrichaceae,Family_Erysipelotrichaceae,0,0.00188578271886837,ASV_0455,FALSE,FALSE
Bacteria,Firmicutes,Phylum_Firmicutes,Phylum_Firmicutes,Phylum_Firmicutes,Phylum_Firmicutes,Phylum_Firmicutes,0,0.00164746710456369,ASV_0456,FALSE,FALSE
Bacteria,Firmicutes,Clostridia,Clostridiales,Order_Clostridiales,Order_Clostridiales,Order_Clostridiales,0,0.00139263215630433,ASV_0457,FALSE,FALSE
Bacteria,Firmicutes,Clostridia,Class_Clostridia,Class_Clostridia,Class_Clostridia,Class_Clostridia,0,0.00137228342904363,ASV_0459,FALSE,FALSE
Bacteria,Firmicutes,Phylum_Firmicutes,Phylum_Firmicutes,Phylum_Firmicutes,Phylum_Firmicutes,Phylum_Firmicutes,0,0.00139161154795397,ASV_0460,FALSE,FALSE
Bacteria,Firmicutes,Clostridia,Clostridiales,Order_Clostridiales,Order_Clostridiales,Order_Clostridiales,0,0.00125277886766219,ASV_0461,FALSE,FALSE
Bacteria,Firmicutes,Clostridia,Clostridiales,Lachnospiraceae,Family_Lachnospiraceae,Family_Lachnospiraceae,0,0.00159861257872106,ASV_0462,FALSE,FALSE
Bacteria,Firmicutes,Clostridia,Clostridiales,Peptostreptococcaceae,Romboutsia,Genus_Romboutsia,0.00558838733112592,0.0010792786787769,ASV_0463,FALSE,FALSE
Bacteria,Firmicutes,Clostridia,Clostridiales,Order_Clostridiales,Order_Clostridiales,Order_Clostridiales,0,0.00115227505269301,ASV_0464,FALSE,FALSE
Bacteria,Firmicutes,Clostridia,Clostridiales,Order_Clostridiales,Order_Clostridiales,Order_Clostridiales,0,0.00119287256619193,ASV_0465,FALSE,FALSE
Bacteria,Firmicutes,Bacilli,Bacillales,Staphylococcaceae,Staphylococcus,cohnii/saprophyticus/xylosus,0,0.00119917187010516,ASV_0466,FALSE,FALSE
Bacteria,Bacteroidetes,Bacteroidia,Bacteroidales,Bacteroidaceae,Bacteroides,caccae,0,0.00100399204233619,ASV_0468,FALSE,FALSE
Bacteria,Bacteroidetes,Bacteroidia,Bacteroidales,Rikenellaceae,Alistipes,Genus_Alistipes,0,0.000987423272296417,ASV_0469,FALSE,FALSE
Bacteria,Firmicutes,Clostridia,Clostridiales,Ruminococcaceae,Family_Ruminococcaceae,Family_Ruminococcaceae,0,0.000895920540200861,ASV_0470,FALSE,FALSE
Bacteria,Firmicutes,Clostridia,Clostridiales,Order_Clostridiales,Order_Clostridiales,Order_Clostridiales,0,0.000932904754267721,ASV_0471,FALSE,FALSE
Bacteria,Firmicutes,Clostridia,Clostridiales,Order_Clostridiales,Order_Clostridiales,Order_Clostridiales,0,0.00089024917366643,ASV_0472,FALSE,FALSE
Bacteria,Firmicutes,Erysipelotrichia,Erysipelotrichales,Erysipelotrichaceae,Clostridium_XVIII,cocleatum,0,0.00102834573646652,ASV_0473,FALSE,FALSE
Bacteria,Firmicutes,Clostridia,Clostridiales,Order_Clostridiales,Order_Clostridiales,Order_Clostridiales,0,0.000834798159674814,ASV_0474,FALSE,FALSE
Bacteria,Firmicutes,Clostridia,Clostridiales,Ruminococcaceae,Pseudoflavonifractor,Genus_Pseudoflavonifractor,0,0.000837757707254472,ASV_0475,FALSE,FALSE
Bacteria,Firmicutes,Bacilli,Lactobacillales,Enterococcaceae,Enterococcus,canintestini/casseliflavus/devriesei/dispar/durans/faecium/gallinarum/gilvus/hermanniensis/malodoratus/pseudoavium/raffinosus/sulfureus/viikkiensis,0,0.000718778343333052,ASV_0476,FALSE,FALSE
Bacteria,Firmicutes,Clostridia,Clostridiales,Order_Clostridiales,Order_Clostridiales,Order_Clostridiales,0,0.000713531760078938,ASV_0477,FALSE,FALSE
Bacteria,Proteobacteria,Betaproteobacteria,Burkholderiales,Burkholderiaceae,Ralstonia,detusculanense/insidiosa/mannitolilytica/pickettii/solanacearum/syzygii,0.00279419366556296,0.000642320583229664,ASV_0478,FALSE,FALSE
Bacteria,Firmicutes,Clostridia,Clostridiales,Order_Clostridiales,Order_Clostridiales,Order_Clostridiales,0,0.000679442728569956,ASV_0479,FALSE,FALSE
Bacteria,Firmicutes,Clostridia,Clostridiales,Ruminococcaceae,Family_Ruminococcaceae,Family_Ruminococcaceae,0,0.000761148936520725,ASV_0480,FALSE,FALSE
Bacteria,Firmicutes,Bacilli,Lactobacillales,Lactobacillaceae,Lactobacillus,Genus_Lactobacillus,0,0.000597799092107938,ASV_0481,FALSE,FALSE
Bacteria,Firmicutes,Bacilli,Lactobacillales,Lactobacillaceae,Lactobacillus,Genus_Lactobacillus,0,0.000630026010059067,ASV_0482,FALSE,FALSE
Bacteria,Firmicutes,Phylum_Firmicutes,Phylum_Firmicutes,Phylum_Firmicutes,Phylum_Firmicutes,Phylum_Firmicutes,0,0.00129511289481339,ASV_0483,FALSE,FALSE
Bacteria,Firmicutes,Bacilli,Lactobacillales,Enterococcaceae,Enterococcus,casseliflavus/faecium/gallinarum/saccharolyticus,0.00139709683278148,0.000525712874192708,ASV_0484,FALSE,FALSE
Bacteria,Firmicutes,Clostridia,Clostridiales,Ruminococcaceae,Family_Ruminococcaceae,Family_Ruminococcaceae,0,0.000598878796879112,ASV_0487,FALSE,FALSE
Bacteria,Bacteroidetes,Bacteroidia,Bacteroidales,Order_Bacteroidales,Order_Bacteroidales,Order_Bacteroidales,0,0.000489389583251933,ASV_0488,FALSE,FALSE
Bacteria,Proteobacteria,Alphaproteobacteria,Caulobacterales,Caulobacteraceae,Brevundimonas,Genus_Brevundimonas,0.00558838733112592,0.000397335110696312,ASV_0489,FALSE,FALSE
Bacteria,Proteobacteria,Alphaproteobacteria,Sphingomonadales,Sphingomonadaceae,Family_Sphingomonadaceae,Family_Sphingomonadaceae,0,0.000508398588833502,ASV_0490,FALSE,FALSE
Bacteria,Bacteroidetes,Chitinophagia,Chitinophagales,Chitinophagaceae,Sediminibacterium,salmoneum,0.00838258099668888,0.0002677718775138,ASV_0491,FALSE,FALSE
Bacteria,Bacteroidetes,Chitinophagia,Chitinophagales,Chitinophagaceae,Family_Chitinophagaceae,Family_Chitinophagaceae,0.00279419366556296,0.000186378724726367,ASV_0493,FALSE,FALSE
Bacteria,Firmicutes,Clostridia,Clostridiales,Order_Clostridiales,Order_Clostridiales,Order_Clostridiales,0,0.000254667013349527,ASV_0494,FALSE,FALSE
Bacteria,Firmicutes,Clostridia,Clostridiales,Order_Clostridiales,Order_Clostridiales,Order_Clostridiales,0,0.000224696168509389,ASV_0495,FALSE,FALSE
NA,NA,NA,NA,NA,NA,NA,NA,NA,ASV_0003,TRUE,TRUE
