Kingdom,Phylum,Class,Order,Family,Genus,Species,Control,Mock,Sample,ASV,contam_phy,contam_harsh
Bacteria,Proteobacteria,Gammaproteobacteria,Enterobacterales,Enterobacteriaceae,Escherichia/Shigella,"albertii/boydii/coli/coli,/dysenteriae/fergusonii/flexneri/sonnei/vulneris",58.6592885754373,11.897458369851,31.8501253255311,ASV_0001,FALSE,FALSE
Bacteria,Firmicutes,Bacilli,Lactobacillales,Lactobacillaceae,Ligilactobacillus,Genus_Ligilactobacillus,6.86318086707946,0.0497202184318749,13.2224161006314,ASV_0002,FALSE,FALSE
Bacteria,Bacteroidetes,Bacteroidia,Bacteroidales,Bacteroidaceae,Bacteroides,Genus_Bacteroides,3.58461584925084,0.0202251735994067,5.81999469066207,ASV_0003,FALSE,FALSE
Bacteria,Firmicutes,Bacilli,Lactobacillales,Lactobacillaceae,Lactobacillus,acidophilus/gasseri/johnsonii/taiwanensis,4.12392251920901,0.0235960358659745,8.03816154616602,ASV_0004,FALSE,FALSE
Bacteria,Firmicutes,Bacilli,Lactobacillales,Lactobacillaceae,Limosilactobacillus,Genus_Limosilactobacillus,2.72509327935616,0.015168880199555,7.46913554243179,ASV_0005,FALSE,FALSE
Bacteria,Bacteroidetes,Bacteroidia,Bacteroidales,Porphyromonadaceae,Parabacteroides,goldsteinii,1.30106892922587,0.00842715566641947,3.69793479055905,ASV_0006,FALSE,FALSE
Bacteria,Bacteroidetes,Bacteroidia,Bacteroidales,Bacteroidaceae,Bacteroides,Genus_Bacteroides,0.898127716065715,0.00589900896649363,2.04218872483156,ASV_0007,FALSE,FALSE
Bacteria,Firmicutes,Bacilli,Lactobacillales,Lactobacillaceae,Limosilactobacillus,Genus_Limosilactobacillus,0.741212240982777,0.00252814669992584,3.17565454167386,ASV_0008,FALSE,FALSE
Bacteria,Bacteroidetes,Bacteroidia,Bacteroidales,Bacteroidaceae,Phocaeicola,Genus_Phocaeicola,0.56775170325511,0.00674172453313558,1.22432566651719,ASV_0010,FALSE,FALSE
Bacteria,Bacteroidetes,Bacteroidia,Bacteroidales,Bacteroidaceae,Bacteroides,Genus_Bacteroides,0.21369064540845,0.000842715566641947,1.15614523169875,ASV_0011,FALSE,FALSE
Bacteria,Bacteroidetes,Bacteroidia,Bacteroidales,Bacteroidaceae,Bacteroides,Genus_Bacteroides,0.175840531858109,0.00505629339985168,1.09027925684228,ASV_0012,FALSE,FALSE
Bacteria,Firmicutes,Bacilli,Lactobacillales,Enterococcaceae,Enterococcus,durans/faecalis/faecium,0,7.44623474684824,0.919786935650204,ASV_0013,FALSE,FALSE
Bacteria,Bacteroidetes,Bacteroidia,Bacteroidales,Bacteroidaceae,Bacteroides,faecichinchillae,0.227100681302044,0.00168543113328389,1.01604483560893,ASV_0014,FALSE,FALSE
Bacteria,Bacteroidetes,Bacteroidia,Bacteroidales,Bacteroidaceae,Phocaeicola,Genus_Phocaeicola,0.21369064540845,0.000842715566641947,0.972862240044562,ASV_0015,FALSE,FALSE
Bacteria,Firmicutes,Bacilli,Lactobacillales,Enterococcaceae,Enterococcus,casseliflavus/faecium/gallinarum/saccharolyticus,0,0.00337086226656779,0.886458073561631,ASV_0018,FALSE,FALSE
Bacteria,Bacteroidetes,Bacteroidia,Bacteroidales,Muribaculaceae,Duncaniella,Genus_Duncaniella,0.113550340651022,0.000842715566641947,2.07978701068648,ASV_0019,FALSE,FALSE
Bacteria,Firmicutes,Clostridia,Clostridiales,Lachnospiraceae,Family_Lachnospiraceae,Family_Lachnospiraceae,0.933597835485614,0,0.952046179439062,ASV_0020,FALSE,FALSE
Bacteria,Firmicutes,Bacilli,Lactobacillales,Enterococcaceae,Enterococcus,canintestini/casseliflavus/devriesei/dispar/durans/faecium/gallinarum/gilvus/hermanniensis/malodoratus/pseudoavium/raffinosus/sulfureus/viikkiensis,0.0189250567751703,0,0.834738624994446,ASV_0021,FALSE,FALSE
Bacteria,Firmicutes,Bacilli,Lactobacillales,Lactobacillaceae,Lactobacillus,intestinalis,0.257055779840366,0,1.41499303510649,ASV_0025,FALSE,FALSE
Bacteria,Bacteroidetes,Bacteroidia,Bacteroidales,Bacteroidaceae,Bacteroides,acidifaciens,0.151400454201363,0.00252814669992584,0.555690468131395,ASV_0026,FALSE,FALSE
Bacteria,Firmicutes,Clostridia,Clostridiales,Lachnospiraceae,Family_Lachnospiraceae,Family_Lachnospiraceae,0.230235708053178,0,1.44779544304689,ASV_0028,FALSE,FALSE
Bacteria,Bacteroidetes,Bacteroidia,Bacteroidales,Muribaculaceae,Duncaniella,Genus_Duncaniella,0,0,1.13912417568665,ASV_0035,FALSE,FALSE
Bacteria,Firmicutes,Bacilli,Bacillales,Bacillaceae_1,Family_Bacillaceae_1,Family_Bacillaceae_1,3.42584562012142,20.5293939189645,0.000694705540309329,ASV_0036,FALSE,FALSE
Bacteria,Firmicutes,Clostridia,Clostridiales,Ruminococcaceae,Intestinimonas,Genus_Intestinimonas,0.238130723065196,0.000842715566641947,0.552836724574742,ASV_0037,FALSE,FALSE
Bacteria,Firmicutes,Clostridia,Clostridiales,Ruminococcaceae,Family_Ruminococcaceae,Family_Ruminococcaceae,0.151400454201363,0,0.30808621255708,ASV_0040,FALSE,FALSE
Bacteria,Bacteroidetes,Bacteroidia,Bacteroidales,Bacteroidaceae,Bacteroides,Genus_Bacteroides,0.132475397426192,0.000842715566641947,0.272822280804965,ASV_0041,FALSE,FALSE
Bacteria,Proteobacteria,Gammaproteobacteria,Enterobacterales,Enterobacteriaceae,Salmonella,Genus_Salmonella,2.73200346921075,13.6848580866986,0.000387470879940848,ASV_0044,FALSE,FALSE
Bacteria,Proteobacteria,Betaproteobacteria,Burkholderiales,Sutterellaceae,Turicimonas,Genus_Turicimonas,0.151400454201363,0,0.219274659222338,ASV_0046,FALSE,FALSE
Bacteria,Firmicutes,Bacilli,Bacillales,Listeriaceae,Listeria,innocua/ivanovii/marthii/monocytogenes/seeligeri/welshimeri,2.29835212489159,12.6803411312614,0.0003915427033185,ASV_0047,FALSE,FALSE
Bacteria,Bacteroidetes,Bacteroidia,Bacteroidales,Bacteroidaceae,Bacteroides,Genus_Bacteroides,0.143505439189344,0.00168543113328389,0.220975690895401,ASV_0048,FALSE,FALSE
Bacteria,Bacteroidetes,Bacteroidia,Bacteroidales,Bacteroidaceae,Phocaeicola,Genus_Phocaeicola,0.0378501135503407,0,0.235893007957244,ASV_0049,FALSE,FALSE
Bacteria,Bacteroidetes,Bacteroidia,Bacteroidales,Muribaculaceae,Duncaniella,Genus_Duncaniella,0,0.000842715566641947,0.645426697980365,ASV_0051,FALSE,FALSE
Bacteria,Firmicutes,Bacilli,Bacillales,Staphylococcaceae,Staphylococcus,argenteus/aureus/equorum/haemolyticus/lugdunensis/simiae,1.90806591500434,11.8907166453179,0.000664226791454781,ASV_0052,FALSE,FALSE
Bacteria,Firmicutes,Clostridia,Clostridiales,Lachnospiraceae,Family_Lachnospiraceae,Family_Lachnospiraceae,0.0433651344319167,0,0.62753793134898,ASV_0053,FALSE,FALSE
Bacteria,Firmicutes,Bacilli,Lactobacillales,Lactobacillaceae,Limosilactobacillus,Genus_Limosilactobacillus,1.47441457068517,10.9249646059462,0.00039638123855003,ASV_0054,FALSE,FALSE
Bacteria,Firmicutes,Clostridia,Clostridiales,Ruminococcaceae,Intestinimonas,Genus_Intestinimonas,0.056775170325511,0,0.215755670426328,ASV_0055,FALSE,FALSE
Bacteria,Firmicutes,Clostridia,Clostridiales,Ruminococcaceae,Intestinimonas,Genus_Intestinimonas,0.056775170325511,0,0.190648764062807,ASV_0061,FALSE,FALSE
Bacteria,Firmicutes,Clostridia,Clostridiales,Ruminococcaceae,Intestinimonas,Genus_Intestinimonas,0.0622901912070871,0,0.310527228711236,ASV_0062,FALSE,FALSE
Bacteria,Firmicutes,Clostridia,Clostridiales,Ruminococcaceae,Oscillibacter,Genus_Oscillibacter,0.0812152479822574,0,0.385097334867895,ASV_0064,FALSE,FALSE
Bacteria,Firmicutes,Clostridia,Clostridiales,Ruminococcaceae,Pseudoflavonifractor,Genus_Pseudoflavonifractor,0.056775170325511,0,0.184291772146782,ASV_0065,FALSE,FALSE
Bacteria,Proteobacteria,Betaproteobacteria,Burkholderiales,Sutterellaceae,Turicimonas,Genus_Turicimonas,0,0.000842715566641947,0.117623368769963,ASV_0069,FALSE,FALSE
Bacteria,Proteobacteria,Betaproteobacteria,Burkholderiales,Sutterellaceae,Turicimonas,Genus_Turicimonas,0.056775170325511,0.000842715566641947,0.113377506018871,ASV_0071,FALSE,FALSE
Bacteria,Firmicutes,Erysipelotrichia,Erysipelotrichales,Erysipelotrichaceae,Faecalibaculum,Genus_Faecalibaculum,0.137990418307768,0,0.0991859951881088,ASV_0077,FALSE,FALSE
Bacteria,Proteobacteria,Gammaproteobacteria,Pseudomonadales,Pseudomonadaceae,Pseudomonas,aeruginosa/alcaligenes/alcaliphila/anguilliseptica/azelaica/balearica/citronellolis/delhiensis/denitrificans/fluorescens/fragi/guezennei/knackmussii/mendocina/mosselii/nitroreducens/otitidis/panipatensis/peli/pseudoalcaligenes/putida/resinovorans/sp/stutzeri/thermaerum/tropicalis,0.693842150910668,5.34365940807659,0.00490682884468511,ASV_0078,FALSE,FALSE
Bacteria,Firmicutes,Clostridia,Clostridiales,Ruminococcaceae,Family_Ruminococcaceae,Family_Ruminococcaceae,0.0812152479822574,0.000842715566641947,0.0949690070055511,ASV_0081,FALSE,FALSE
Bacteria,Bacteroidetes,Bacteroidia,Bacteroidales,Muribaculaceae,Duncaniella,Genus_Duncaniella,0,0,0.140645486950363,ASV_0082,FALSE,FALSE
Bacteria,Actinobacteria,Coriobacteriia,Eggerthellales,Eggerthellaceae,Adlercreutzia,Genus_Adlercreutzia,0,0,0.220968565813673,ASV_0085,FALSE,FALSE
Bacteria,Bacteroidetes,Bacteroidia,Bacteroidales,Bacteroidaceae,Bacteroides,Genus_Bacteroides,0.0189250567751703,0,0.0733719322074636,ASV_0090,FALSE,FALSE
Bacteria,Bacteroidetes,Bacteroidia,Bacteroidales,Rikenellaceae,Alistipes,finegoldii,0.0433651344319167,0,0.0758718737362155,ASV_0094,FALSE,FALSE
Bacteria,Proteobacteria,Deltaproteobacteria,Desulfovibrionales,Desulfovibrionaceae,Family_Desulfovibrionaceae,Family_Desulfovibrionaceae,0.0378501135503407,0,0.101495655187123,ASV_0101,FALSE,FALSE
Bacteria,Bacteroidetes,Bacteroidia,Bacteroidales,Muribaculaceae,Duncaniella,Genus_Duncaniella,0,0,0.156647528093372,ASV_0105,FALSE,FALSE
Bacteria,Bacteroidetes,Bacteroidia,Bacteroidales,Muribaculaceae,Duncaniella,Genus_Duncaniella,0,0.000842715566641947,0.155163075863088,ASV_0107,FALSE,FALSE
Bacteria,Bacteroidetes,Bacteroidia,Bacteroidales,Muribaculaceae,Duncaniella,Genus_Duncaniella,0,0,0.147479322063813,ASV_0110,FALSE,FALSE
Bacteria,Proteobacteria,Deltaproteobacteria,Desulfovibrionales,Desulfovibrionaceae,Family_Desulfovibrionaceae,Family_Desulfovibrionaceae,0,0,0.0923113470336901,ASV_0111,FALSE,FALSE
Bacteria,Firmicutes,Clostridia,Clostridiales,Ruminococcaceae,Ruminococcus,Genus_Ruminococcus,0,0,0.192422667194505,ASV_0113,FALSE,FALSE
Bacteria,Firmicutes,Clostridia,Clostridiales,Ruminococcaceae,Family_Ruminococcaceae,Family_Ruminococcaceae,0.0189250567751703,0,0.157175121405559,ASV_0115,FALSE,FALSE
Bacteria,Bacteroidetes,Bacteroidia,Bacteroidales,Muribaculaceae,Duncaniella,Genus_Duncaniella,0,0,0.133032303412607,ASV_0118,FALSE,FALSE
Bacteria,Firmicutes,Bacilli,Lactobacillales,Lactobacillaceae,Limosilactobacillus,Genus_Limosilactobacillus,0.143505439189344,0.00168543113328389,0.0494621473534657,ASV_0120,FALSE,FALSE
Bacteria,Firmicutes,Clostridia,Clostridiales,Ruminococcaceae,Neglecta,Genus_Neglecta,0.0189250567751703,0,0.101013280821901,ASV_0132,FALSE,FALSE
Bacteria,Firmicutes,Erysipelotrichia,Erysipelotrichales,Erysipelotrichaceae,Holdemania,Genus_Holdemania,0,0,0.0852145066193626,ASV_0136,FALSE,FALSE
Bacteria,Firmicutes,Bacilli,Bacillales,Staphylococcaceae,Staphylococcus,aureus,0.563746747614918,2.17757702420279,0.000174503421587715,ASV_0137,FALSE,FALSE
Bacteria,Proteobacteria,Gammaproteobacteria,Enterobacterales,Enterobacteriaceae,Salmonella,enterica,0.2601908065915,2.04948425807322,0.000121014190121443,ASV_0139,FALSE,FALSE
Bacteria,Firmicutes,Clostridia,Clostridiales,Ruminococcaceae,Intestinimonas,Genus_Intestinimonas,0.0189250567751703,0,0.0739335620745905,ASV_0141,FALSE,FALSE
Bacteria,Firmicutes,Clostridia,Clostridiales,Lachnospiraceae,Family_Lachnospiraceae,Family_Lachnospiraceae,0,0,0.111997890294512,ASV_0143,FALSE,FALSE
Bacteria,Proteobacteria,Deltaproteobacteria,Desulfovibrionales,Desulfovibrionaceae,Family_Desulfovibrionaceae,Family_Desulfovibrionaceae,0,0,0.0380946268629086,ASV_0149,FALSE,FALSE
Bacteria,Bacteroidetes,Bacteroidia,Bacteroidales,Bacteroidaceae,Phocaeicola,Genus_Phocaeicola,0,0,0.0263109383275089,ASV_0151,FALSE,FALSE
Bacteria,Proteobacteria,Gammaproteobacteria,Enterobacterales,Enterobacteriaceae,Escherichia/Shigella,Genus_Escherichia/Shigella,0.205795630396432,1.20845412256455,0.00353549457303123,ASV_0157,FALSE,FALSE
Bacteria,Firmicutes,Clostridia,Clostridiales,Ruminococcaceae,Family_Ruminococcaceae,Family_Ruminococcaceae,0.0189250567751703,0,0.0368187859609434,ASV_0170,FALSE,FALSE
Bacteria,Firmicutes,Clostridia,Clostridiales,Lachnospiraceae,Family_Lachnospiraceae,Family_Lachnospiraceae,0,0,0.0700418148401509,ASV_0183,FALSE,FALSE
Bacteria,Proteobacteria,Gammaproteobacteria,Chromatiales,Chromatiaceae,Rheinheimera,chironomi,0,0,0.0837404686707738,ASV_0186,FALSE,FALSE
Bacteria,Firmicutes,Bacilli,Lactobacillales,Lactobacillaceae,Lactobacillus,Genus_Lactobacillus,0.056775170325511,0,0.01625506032446,ASV_0188,FALSE,FALSE
Bacteria,Firmicutes,Clostridia,Clostridiales,Ruminococcaceae,Clostridium_IV,Genus_Clostridium_IV,0,0,0.0625269677731642,ASV_0189,FALSE,FALSE
Bacteria,Firmicutes,Erysipelotrichia,Erysipelotrichales,Erysipelotrichaceae,Clostridium_XVIII,cocleatum,0,0,0.0221453358407262,ASV_0194,FALSE,FALSE
Bacteria,Firmicutes,Clostridia,Clostridiales,Ruminococcaceae,Family_Ruminococcaceae,Family_Ruminococcaceae,0,0,0.0289302318020225,ASV_0198,FALSE,FALSE
Bacteria,Firmicutes,Bacilli,Lactobacillales,Lactobacillaceae,Ligilactobacillus,Genus_Ligilactobacillus,0,0,0.0113719165747564,ASV_0200,FALSE,FALSE
Bacteria,Firmicutes,Clostridia,Clostridiales,Ruminococcaceae,Family_Ruminococcaceae,Family_Ruminococcaceae,0,0.000842715566641947,0.0394257796555781,ASV_0202,FALSE,FALSE
Bacteria,Firmicutes,Clostridia,Clostridiales,Ruminococcaceae,Family_Ruminococcaceae,Family_Ruminococcaceae,0,0,0.0145156777531617,ASV_0205,FALSE,FALSE
Bacteria,Firmicutes,Bacilli,Lactobacillales,Enterococcaceae,Enterococcus,Genus_Enterococcus,0,0,0.0111609096775401,ASV_0206,FALSE,FALSE
Bacteria,Actinobacteria,Coriobacteriia,Eggerthellales,Eggerthellaceae,Family_Eggerthellaceae,Family_Eggerthellaceae,0,0,0.0267257412585792,ASV_0208,FALSE,FALSE
Bacteria,Bacteroidetes,Bacteroidia,Bacteroidales,Bacteroidaceae,Bacteroides,Genus_Bacteroides,0,0,0.0104065633934206,ASV_0210,FALSE,FALSE
Bacteria,Firmicutes,Clostridia,Clostridiales,Lachnospiraceae,Anaerotignum,Genus_Anaerotignum,0,0,0.0113091935418687,ASV_0216,FALSE,FALSE
Bacteria,Firmicutes,Bacilli,Lactobacillales,Lactobacillaceae,Lactobacillus,Genus_Lactobacillus,0.0622901912070871,0,0.0135343794344277,ASV_0218,FALSE,FALSE
Bacteria,Firmicutes,Bacilli,Lactobacillales,Lactobacillaceae,Limosilactobacillus,Genus_Limosilactobacillus,0,0,0.00865992519014645,ASV_0220,FALSE,FALSE
Bacteria,Proteobacteria,Gammaproteobacteria,Enterobacterales,Enterobacteriaceae,Escherichia/Shigella,coli/dysenteriae/fergusonii/flexneri/sonnei,0.0189250567751703,0,0.00812235125325829,ASV_0227,FALSE,FALSE
Bacteria,Firmicutes,Erysipelotrichia,Erysipelotrichales,Erysipelotrichaceae,Longibaculum,Genus_Longibaculum,0,0,0.0285582994358114,ASV_0229,FALSE,FALSE
Bacteria,Firmicutes,Clostridia,Clostridiales,Ruminococcaceae,Anaerotruncus,Genus_Anaerotruncus,0,0,0.0302414573220211,ASV_0231,FALSE,FALSE
Bacteria,Firmicutes,Bacilli,Lactobacillales,Lactobacillaceae,Ligilactobacillus,Genus_Ligilactobacillus,0,0,0.00756792987166499,ASV_0235,FALSE,FALSE
Bacteria,Firmicutes,Bacilli,Class_Bacilli,Class_Bacilli,Class_Bacilli,Class_Bacilli,0,0,0.0252860861931923,ASV_0237,FALSE,FALSE
Bacteria,Bacteroidetes,Bacteroidia,Bacteroidales,Muribaculaceae,Paramuribaculum,Genus_Paramuribaculum,0,0,0.026967953848778,ASV_0240,FALSE,FALSE
Bacteria,Actinobacteria,Coriobacteriia,Eggerthellales,Eggerthellaceae,Adlercreutzia,Genus_Adlercreutzia,0,0,0.0178493815007661,ASV_0242,FALSE,FALSE
Bacteria,Firmicutes,Bacilli,Lactobacillales,Streptococcaceae,Streptococcus,alactolyticus/danieliae/equinus/gallolyticus/infantarius/luteciae/lutetiensis/pasteuri,0,0,0.0229609516254866,ASV_0243,FALSE,FALSE
Bacteria,Bacteroidetes,Bacteroidia,Bacteroidales,Bacteroidaceae,Bacteroides,Genus_Bacteroides,0,0,0.00680603093770181,ASV_0245,FALSE,FALSE
Bacteria,Actinobacteria,Coriobacteriia,Eggerthellales,Eggerthellaceae,Adlercreutzia,Genus_Adlercreutzia,0,0,0.0213656179036768,ASV_0247,FALSE,FALSE
Bacteria,Firmicutes,Clostridia,Clostridiales,Ruminococcaceae,Monoglobus,Genus_Monoglobus,0,0,0.0256524722259263,ASV_0248,FALSE,FALSE
Bacteria,Firmicutes,Erysipelotrichia,Erysipelotrichales,Erysipelotrichaceae,Amedibacillus,Genus_Amedibacillus,0.0433651344319167,0,0.0185862906601362,ASV_0250,FALSE,FALSE
Bacteria,Firmicutes,Bacilli,Lactobacillales,Lactobacillaceae,Limosilactobacillus,Genus_Limosilactobacillus,0,0,0.00627610526846642,ASV_0252,FALSE,FALSE
Bacteria,Firmicutes,Clostridia,Clostridiales,Lachnospiraceae,Family_Lachnospiraceae,Family_Lachnospiraceae,0,0,0.0247017104859617,ASV_0255,FALSE,FALSE
Bacteria,Firmicutes,Clostridia,Clostridiales,Ruminococcaceae,Family_Ruminococcaceae,Family_Ruminococcaceae,0,0,0.0247240283641865,ASV_0257,FALSE,FALSE
Bacteria,Firmicutes,Bacilli,Lactobacillales,Lactobacillaceae,Ligilactobacillus,Genus_Ligilactobacillus,0,0,0.00607175096132012,ASV_0261,FALSE,FALSE
Bacteria,Firmicutes,Clostridia,Clostridiales,Lachnospiraceae,Family_Lachnospiraceae,Family_Lachnospiraceae,0,0,0.0234958530499422,ASV_0262,FALSE,FALSE
Bacteria,Firmicutes,Clostridia,Clostridiales,Lachnospiraceae,Lachnoanaerobaculum,Genus_Lachnoanaerobaculum,0,0,0.0207363714637929,ASV_0263,FALSE,FALSE
Bacteria,Firmicutes,Clostridia,Clostridiales,Ruminococcaceae,Intestinimonas,Genus_Intestinimonas,0,0,0.0230002182218575,ASV_0265,FALSE,FALSE
Bacteria,Firmicutes,Clostridia,Clostridiales,Ruminococcaceae,Oscillibacter,Genus_Oscillibacter,0,0,0.0211447578697517,ASV_0266,FALSE,FALSE
Bacteria,Firmicutes,Bacilli,Lactobacillales,Lactobacillaceae,Ligilactobacillus,Genus_Ligilactobacillus,0,0,0.00761138475414714,ASV_0267,FALSE,FALSE
Bacteria,Firmicutes,Clostridia,Clostridiales,Ruminococcaceae,Intestinimonas,Genus_Intestinimonas,0,0,0.0136972225329388,ASV_0268,FALSE,FALSE
Bacteria,Firmicutes,Clostridia,Clostridiales,Lachnospiraceae,Family_Lachnospiraceae,Family_Lachnospiraceae,0,0,0.0215524003743936,ASV_0269,FALSE,FALSE
Bacteria,Firmicutes,Clostridia,Clostridiales,Ruminococcaceae,Family_Ruminococcaceae,Family_Ruminococcaceae,0,0,0.0219261662096017,ASV_0270,FALSE,FALSE
Bacteria,Firmicutes,Clostridia,Clostridiales,Order_Clostridiales,Order_Clostridiales,Order_Clostridiales,0,0,0.0217998682189996,ASV_0272,FALSE,FALSE
Bacteria,Firmicutes,Clostridia,Clostridiales,Lachnospiraceae,Family_Lachnospiraceae,Family_Lachnospiraceae,0,0,0.0210951224223474,ASV_0273,FALSE,FALSE
Bacteria,Firmicutes,Clostridia,Clostridiales,Lachnospiraceae,Family_Lachnospiraceae,Family_Lachnospiraceae,0,0,0.020314285058028,ASV_0276,FALSE,FALSE
Bacteria,Bacteroidetes,Bacteroidia,Bacteroidales,Bacteroidaceae,Bacteroides,Genus_Bacteroides,0,0,0.00535657652239634,ASV_0277,FALSE,FALSE
Bacteria,Firmicutes,Clostridia,Clostridiales,Lachnospiraceae,Family_Lachnospiraceae,Family_Lachnospiraceae,0,0,0.0197539248889331,ASV_0279,FALSE,FALSE
Bacteria,Firmicutes,Clostridia,Clostridiales,Lachnospiraceae,Anaerotignum,Genus_Anaerotignum,0,0,0.0188728383446575,ASV_0280,FALSE,FALSE
Bacteria,Proteobacteria,Gammaproteobacteria,Enterobacterales,Enterobacteriaceae,Escherichia/Shigella,Genus_Escherichia/Shigella,0,0,0.00472513140039627,ASV_0282,FALSE,FALSE
Bacteria,Bacteroidetes,Bacteroidia,Bacteroidales,Bacteroidaceae,Bacteroides,Genus_Bacteroides,0,0,0.00484012277710491,ASV_0283,FALSE,FALSE
Bacteria,Firmicutes,Clostridia,Clostridiales,Lachnospiraceae,Family_Lachnospiraceae,Family_Lachnospiraceae,0,0,0.0186772269872186,ASV_0284,FALSE,FALSE
Bacteria,Firmicutes,Clostridia,Clostridiales,Order_Clostridiales,Order_Clostridiales,Order_Clostridiales,0,0,0.01689898293165,ASV_0285,FALSE,FALSE
Bacteria,Bacteroidetes,Bacteroidia,Bacteroidales,Bacteroidaceae,Bacteroides,Genus_Bacteroides,0,0,0.00494494705517651,ASV_0286,FALSE,FALSE
Bacteria,Firmicutes,Clostridia,Clostridiales,Peptococcaceae_1,Peptococcus,Genus_Peptococcus,0,0,0.0167118242509893,ASV_0288,FALSE,FALSE
Bacteria,Bacteroidetes,Bacteroidia,Bacteroidales,Porphyromonadaceae,Parabacteroides,Genus_Parabacteroides,0,0,0.00451230110741388,ASV_0289,FALSE,FALSE
Bacteria,Firmicutes,Phylum_Firmicutes,Phylum_Firmicutes,Phylum_Firmicutes,Phylum_Firmicutes,Phylum_Firmicutes,0,0,0.0173082078144704,ASV_0290,FALSE,FALSE
Bacteria,Firmicutes,Bacilli,Lactobacillales,Lactobacillaceae,Ligilactobacillus,Genus_Ligilactobacillus,0,0,0.00578075124669298,ASV_0291,FALSE,FALSE
Bacteria,Bacteroidetes,Bacteroidia,Bacteroidales,Muribaculaceae,Family_Muribaculaceae,Family_Muribaculaceae,0,0,0.0133277191267594,ASV_0292,FALSE,FALSE
Bacteria,Firmicutes,Erysipelotrichia,Erysipelotrichales,Erysipelotrichaceae,Family_Erysipelotrichaceae,Family_Erysipelotrichaceae,0,0,0.0126373800539777,ASV_0293,FALSE,FALSE
Bacteria,Proteobacteria,Alphaproteobacteria,Sphingomonadales,Sphingomonadaceae,Sphingomonas,guangdongensis/hankookensis/oligophenolica/panni/phyllosphaerae,0,0,0.00426203284890983,ASV_0294,FALSE,FALSE
Bacteria,Proteobacteria,Gammaproteobacteria,Enterobacterales,Enterobacteriaceae,Escherichia/Shigella,Genus_Escherichia/Shigella,0.0189250567751703,0,0.00399532429813357,ASV_0295,FALSE,FALSE
Bacteria,Firmicutes,Clostridia,Clostridiales,Lachnospiraceae,Family_Lachnospiraceae,Family_Lachnospiraceae,0,0,0.0148398663493713,ASV_0296,FALSE,FALSE
Bacteria,Firmicutes,Clostridia,Clostridiales,Ruminococcaceae,Family_Ruminococcaceae,Family_Ruminococcaceae,0,0,0.0155272031837676,ASV_0297,FALSE,FALSE
Bacteria,Firmicutes,Clostridia,Clostridiales,Order_Clostridiales,Order_Clostridiales,Order_Clostridiales,0,0,0.0142312842153918,ASV_0298,FALSE,FALSE
Bacteria,Actinobacteria,Coriobacteriia,Eggerthellales,Eggerthellaceae,Adlercreutzia,Genus_Adlercreutzia,0,0,0.0106190446312199,ASV_0299,FALSE,FALSE
Bacteria,Firmicutes,Clostridia,Clostridiales,Ruminococcaceae,Family_Ruminococcaceae,Family_Ruminococcaceae,0.0433651344319167,0,0.0137740630540632,ASV_0301,FALSE,FALSE
Bacteria,Firmicutes,Clostridia,Clostridiales,Ruminococcaceae,Family_Ruminococcaceae,Family_Ruminococcaceae,0,0,0.014106697228525,ASV_0302,FALSE,FALSE
Bacteria,Bacteroidetes,Bacteroidia,Bacteroidales,Bacteroidaceae,Bacteroides,Genus_Bacteroides,0,0,0.00367188993244053,ASV_0303,FALSE,FALSE
Bacteria,Firmicutes,Clostridia,Clostridiales,Ruminococcaceae,Family_Ruminococcaceae,Family_Ruminococcaceae,0,0,0.013693212446437,ASV_0304,FALSE,FALSE
Bacteria,Firmicutes,Clostridia,Clostridiales,Lachnospiraceae,Family_Lachnospiraceae,Family_Lachnospiraceae,0,0,0.0132305432719205,ASV_0305,FALSE,FALSE
Bacteria,Proteobacteria,Gammaproteobacteria,Chromatiales,Chromatiaceae,Rheinheimera,Genus_Rheinheimera,0,0,0.0178953844697642,ASV_0306,FALSE,FALSE
Bacteria,Firmicutes,Clostridia,Clostridiales,Ruminococcaceae,Family_Ruminococcaceae,Family_Ruminococcaceae,0,0,0.00446637066283569,ASV_0307,FALSE,FALSE
Bacteria,Firmicutes,Clostridia,Clostridiales,Order_Clostridiales,Order_Clostridiales,Order_Clostridiales,0,0,0.0131271553308318,ASV_0308,FALSE,FALSE
Bacteria,Firmicutes,Clostridia,Clostridiales,Ruminococcaceae,Clostridium_IV,Genus_Clostridium_IV,0,0,0.0131641032915519,ASV_0309,FALSE,FALSE
Bacteria,Bacteroidetes,Bacteroidia,Bacteroidales,Muribaculaceae,Duncaniella,Genus_Duncaniella,0,0,0.012330050694729,ASV_0310,FALSE,FALSE
Bacteria,Firmicutes,Bacilli,Lactobacillales,Lactobacillaceae,Limosilactobacillus,Genus_Limosilactobacillus,0,0,0.00475959219146687,ASV_0311,FALSE,FALSE
Bacteria,Proteobacteria,Gammaproteobacteria,Enterobacterales,Enterobacteriaceae,Escherichia/Shigella,Genus_Escherichia/Shigella,0,0.000842715566641947,0.00337342953042689,ASV_0312,FALSE,FALSE
Bacteria,Firmicutes,Bacilli,Lactobacillales,Enterococcaceae,Family_Enterococcaceae,Family_Enterococcaceae,0,0.000842715566641947,0.00337546370027654,ASV_0313,FALSE,FALSE
Bacteria,Bacteroidetes,Bacteroidia,Bacteroidales,Bacteroidaceae,Bacteroides,Genus_Bacteroides,0,0,0.00330473493478281,ASV_0314,FALSE,FALSE
Bacteria,Firmicutes,Clostridia,Clostridiales,Lachnospiraceae,Family_Lachnospiraceae,Family_Lachnospiraceae,0,0,0.0118028463508295,ASV_0315,FALSE,FALSE
Bacteria,Bacteroidetes,Bacteroidia,Bacteroidales,Muribaculaceae,Paramuribaculum,Genus_Paramuribaculum,0,0,0.0100855941272402,ASV_0316,FALSE,FALSE
Bacteria,Firmicutes,Phylum_Firmicutes,Phylum_Firmicutes,Phylum_Firmicutes,Phylum_Firmicutes,Phylum_Firmicutes,0,0,0.0122015701156116,ASV_0317,FALSE,FALSE
Bacteria,Firmicutes,Phylum_Firmicutes,Phylum_Firmicutes,Phylum_Firmicutes,Phylum_Firmicutes,Phylum_Firmicutes,0,0,0.0123907048061034,ASV_0318,FALSE,FALSE
Bacteria,Firmicutes,Clostridia,Clostridiales,Ruminococcaceae,Intestinimonas,Genus_Intestinimonas,0,0,0.00896409565140195,ASV_0319,FALSE,FALSE
Bacteria,Bacteroidetes,Bacteroidia,Bacteroidales,Bacteroidaceae,Bacteroides,caccae,0.0867302688638335,0,0.00345248158279803,ASV_0320,FALSE,FALSE
Bacteria,Firmicutes,Clostridia,Clostridiales,Ruminococcaceae,Intestinimonas,Genus_Intestinimonas,0,0,0.0115853792293125,ASV_0321,FALSE,FALSE
Bacteria,Bacteroidetes,Bacteroidia,Bacteroidales,Porphyromonadaceae,Parabacteroides,Genus_Parabacteroides,0.0189250567751703,0,0.003094370082207,ASV_0323,FALSE,FALSE
Bacteria,Firmicutes,Phylum_Firmicutes,Phylum_Firmicutes,Phylum_Firmicutes,Phylum_Firmicutes,Phylum_Firmicutes,0,0,0.0119830873780685,ASV_0324,FALSE,FALSE
Bacteria,Firmicutes,Clostridia,Clostridiales,Lachnospiraceae,Blautia,Genus_Blautia,0,0,0.0110723554163862,ASV_0325,FALSE,FALSE
Bacteria,Firmicutes,Clostridia,Clostridiales,Lachnospiraceae,Family_Lachnospiraceae,Family_Lachnospiraceae,0,0,0.0112279461047054,ASV_0326,FALSE,FALSE
Bacteria,Firmicutes,Clostridia,Clostridiales,Ruminococcaceae,Intestinimonas,Genus_Intestinimonas,0,0,0.00320099703249337,ASV_0327,FALSE,FALSE
Bacteria,Firmicutes,Clostridia,Clostridiales,Ruminococcaceae,Dysosmobacter,Genus_Dysosmobacter,0,0,0.010843157833533,ASV_0330,FALSE,FALSE
Bacteria,Firmicutes,Clostridia,Clostridiales,Ruminococcaceae,Family_Ruminococcaceae,Family_Ruminococcaceae,0,0,0.0110703690385895,ASV_0331,FALSE,FALSE
Bacteria,Firmicutes,Phylum_Firmicutes,Phylum_Firmicutes,Phylum_Firmicutes,Phylum_Firmicutes,Phylum_Firmicutes,0,0,0.0108089003295787,ASV_0332,FALSE,FALSE
Bacteria,Firmicutes,Clostridia,Clostridiales,Order_Clostridiales,Order_Clostridiales,Order_Clostridiales,0,0,0.0113148836064454,ASV_0333,FALSE,FALSE
Bacteria,Firmicutes,Bacilli,Lactobacillales,Lactobacillaceae,Lactobacillus,Genus_Lactobacillus,0,0,0.00399661992935677,ASV_0334,FALSE,FALSE
Bacteria,Firmicutes,Clostridia,Clostridiales,Order_Clostridiales,Order_Clostridiales,Order_Clostridiales,0,0,0.0102271586091639,ASV_0335,FALSE,FALSE
Bacteria,Firmicutes,Clostridia,Clostridiales,Ruminococcaceae,Lawsonibacter,Genus_Lawsonibacter,0,0,0.0102452803797027,ASV_0336,FALSE,FALSE
Bacteria,Actinobacteria,Coriobacteriia,Eggerthellales,Eggerthellaceae,Adlercreutzia,Genus_Adlercreutzia,0,0,0.00990540203433791,ASV_0337,FALSE,FALSE
Bacteria,Bacteroidetes,Bacteroidia,Bacteroidales,Muribaculaceae,Duncaniella,Genus_Duncaniella,0,0,0.00894181560410496,ASV_0338,FALSE,FALSE
Bacteria,Bacteroidetes,Bacteroidia,Bacteroidales,Bacteroidaceae,Bacteroides,Genus_Bacteroides,0,0,0.00265043590246995,ASV_0339,FALSE,FALSE
Bacteria,Firmicutes,Phylum_Firmicutes,Phylum_Firmicutes,Phylum_Firmicutes,Phylum_Firmicutes,Phylum_Firmicutes,0,0,0.00983269181307282,ASV_0340,FALSE,FALSE
Bacteria,Firmicutes,Clostridia,Clostridiales,Order_Clostridiales,Order_Clostridiales,Order_Clostridiales,0,0,0.00977641792876715,ASV_0341,FALSE,FALSE
Bacteria,Firmicutes,Clostridia,Clostridiales,Lachnospiraceae,Lachnoanaerobaculum,Genus_Lachnoanaerobaculum,0,0,0.010250875202987,ASV_0342,FALSE,FALSE
Bacteria,Firmicutes,Clostridia,Clostridiales,Order_Clostridiales,Order_Clostridiales,Order_Clostridiales,0,0,0.00981052574414879,ASV_0343,FALSE,FALSE
Bacteria,Firmicutes,Clostridia,Clostridiales,Ruminococcaceae,Family_Ruminococcaceae,Family_Ruminococcaceae,0,0,0.00987828650736346,ASV_0344,FALSE,FALSE
Bacteria,Bacteroidetes,Bacteroidia,Bacteroidales,Muribaculaceae,Duncaniella,Genus_Duncaniella,0,0,0.00786901572879322,ASV_0345,FALSE,FALSE
Bacteria,Actinobacteria,Coriobacteriia,Class_Coriobacteriia,Class_Coriobacteriia,Class_Coriobacteriia,Class_Coriobacteriia,0,0,0.00966460320465762,ASV_0346,FALSE,FALSE
Bacteria,Actinobacteria,Coriobacteriia,Eggerthellales,Eggerthellaceae,Gordonibacter,Genus_Gordonibacter,0,0,0.00943752639076152,ASV_0348,FALSE,FALSE
Bacteria,Firmicutes,Bacilli,Lactobacillales,Lactobacillaceae,Lactobacillus,Genus_Lactobacillus,0,0,0.0034366176721747,ASV_0351,FALSE,FALSE
Bacteria,Firmicutes,Clostridia,Clostridiales,Lachnospiraceae,Family_Lachnospiraceae,Family_Lachnospiraceae,0,0,0.00885873910686126,ASV_0352,FALSE,FALSE
Bacteria,Firmicutes,Bacilli,Lactobacillales,Lactobacillaceae,Limosilactobacillus,Genus_Limosilactobacillus,0.0189250567751703,0,0.0021634720419342,ASV_0353,FALSE,FALSE
Bacteria,Firmicutes,Clostridia,Clostridiales,Ruminococcaceae,Family_Ruminococcaceae,Family_Ruminococcaceae,0,0,0.00858743026731463,ASV_0354,FALSE,FALSE
Bacteria,Bacteroidetes,Bacteroidia,Bacteroidales,Bacteroidaceae,Bacteroides,Genus_Bacteroides,0,0,0.00221033923906487,ASV_0355,FALSE,FALSE
Bacteria,Firmicutes,Bacilli,Lactobacillales,Lactobacillaceae,Lactobacillus,Genus_Lactobacillus,0,0,0.00336650275544826,ASV_0356,FALSE,FALSE
Bacteria,Firmicutes,Clostridia,Clostridiales,Ruminococcaceae,Ruthenibacterium,Genus_Ruthenibacterium,0.0189250567751703,0,0.00848119381139136,ASV_0357,FALSE,FALSE
Bacteria,Firmicutes,Clostridia,Clostridiales,Ruminococcaceae,Family_Ruminococcaceae,Family_Ruminococcaceae,0,0,0.00849152734896958,ASV_0358,FALSE,FALSE
Bacteria,Firmicutes,Clostridia,Clostridiales,Lachnospiraceae,Family_Lachnospiraceae,Family_Lachnospiraceae,0,0,0.00783212090225496,ASV_0359,FALSE,FALSE
Bacteria,Firmicutes,Clostridia,Clostridiales,Ruminococcaceae,Family_Ruminococcaceae,Family_Ruminococcaceae,0,0,0.00796250597256512,ASV_0360,FALSE,FALSE
Bacteria,Firmicutes,Clostridia,Clostridiales,Order_Clostridiales,Order_Clostridiales,Order_Clostridiales,0,0,0.00737920016534637,ASV_0363,FALSE,FALSE
Bacteria,Firmicutes,Bacilli,Lactobacillales,Lactobacillaceae,Lactobacillus,Genus_Lactobacillus,0,0,0.00216333934531566,ASV_0365,FALSE,FALSE
Bacteria,Firmicutes,Bacilli,Lactobacillales,Lactobacillaceae,Lactobacillus,Genus_Lactobacillus,0,0,0.00179411624847484,ASV_0367,FALSE,FALSE
Bacteria,Firmicutes,Clostridia,Clostridiales,Ruminococcaceae,Family_Ruminococcaceae,Family_Ruminococcaceae,0,0,0.00735186545623933,ASV_0368,FALSE,FALSE
Bacteria,Firmicutes,Clostridia,Clostridiales,Lachnospiraceae,Herbinix,Genus_Herbinix,0,0,0.00713698072630729,ASV_0369,FALSE,FALSE
Bacteria,Bacteroidetes,Bacteroidia,Bacteroidales,Bacteroidaceae,Bacteroides,Genus_Bacteroides,0,0,0.00186904570097741,ASV_0370,FALSE,FALSE
Bacteria,Firmicutes,Clostridia,Clostridiales,Ruminococcaceae,Family_Ruminococcaceae,Family_Ruminococcaceae,0,0,0.00726492920032774,ASV_0371,FALSE,FALSE
Bacteria,Firmicutes,Clostridia,Clostridiales,Ruminococcaceae,Family_Ruminococcaceae,Family_Ruminococcaceae,0,0,0.0070723823259078,ASV_0372,FALSE,FALSE
Bacteria,Firmicutes,Clostridia,Clostridiales,Ruminococcaceae,Intestinimonas,Genus_Intestinimonas,0,0,0.00676012919418204,ASV_0373,FALSE,FALSE
Bacteria,Firmicutes,Clostridia,Clostridiales,Lachnospiraceae,Family_Lachnospiraceae,Family_Lachnospiraceae,0,0,0.00682280283772442,ASV_0374,FALSE,FALSE
Bacteria,Firmicutes,Bacilli,Lactobacillales,Lactobacillaceae,Limosilactobacillus,Genus_Limosilactobacillus,0,0,0.00267706335992,ASV_0375,FALSE,FALSE
Bacteria,Firmicutes,Bacilli,Lactobacillales,Lactobacillaceae,Limosilactobacillus,Genus_Limosilactobacillus,0,0,0.00299378515521077,ASV_0376,FALSE,FALSE
Bacteria,Firmicutes,Clostridia,Clostridiales,Lachnospiraceae,Family_Lachnospiraceae,Family_Lachnospiraceae,0,0,0.006352368566102,ASV_0377,FALSE,FALSE
Bacteria,Bacteroidetes,Bacteroidia,Bacteroidales,Bacteroidaceae,Bacteroides,Genus_Bacteroides,0,0,0.00165710865515942,ASV_0378,FALSE,FALSE
Bacteria,Firmicutes,Clostridia,Clostridiales,Lachnospiraceae,Family_Lachnospiraceae,Family_Lachnospiraceae,0,0,0.0060926563472528,ASV_0379,FALSE,FALSE
Bacteria,Firmicutes,Clostridia,Clostridiales,Ruminococcaceae,Paludicola,Genus_Paludicola,0,0,0.00577958116324981,ASV_0380,FALSE,FALSE
Bacteria,Firmicutes,Clostridia,Clostridiales,Ruminococcaceae,Anaerofilum,Genus_Anaerofilum,0,0,0.00626866090097812,ASV_0382,FALSE,FALSE
Bacteria,Firmicutes,Clostridia,Clostridiales,Ruminococcaceae,Family_Ruminococcaceae,Family_Ruminococcaceae,0,0,0.00596707322659976,ASV_0383,FALSE,FALSE
Bacteria,Bacteroidetes,Bacteroidia,Bacteroidales,Bacteroidaceae,Phocaeicola,Genus_Phocaeicola,0,0,0.00156537930489343,ASV_0384,FALSE,FALSE
Bacteria,Firmicutes,Clostridia,Clostridiales,Ruminococcaceae,Family_Ruminococcaceae,Family_Ruminococcaceae,0,0,0.00571526283218811,ASV_0385,FALSE,FALSE
Bacteria,Firmicutes,Clostridia,Clostridiales,Ruminococcaceae,Family_Ruminococcaceae,Family_Ruminococcaceae,0,0,0.00190005670967499,ASV_0386,FALSE,FALSE
Bacteria,Firmicutes,Clostridia,Clostridiales,Lachnospiraceae,Family_Lachnospiraceae,Family_Lachnospiraceae,0,0,0.00553945313043509,ASV_0387,FALSE,FALSE
Bacteria,Firmicutes,Clostridia,Clostridiales,Ruminococcaceae,Intestinimonas,Genus_Intestinimonas,0,0,0.0045554772324756,ASV_0388,FALSE,FALSE
Bacteria,Firmicutes,Clostridia,Clostridiales,Ruminococcaceae,Massiliimalia,Genus_Massiliimalia,0,0,0.00580875465804282,ASV_0389,FALSE,FALSE
Bacteria,Firmicutes,Bacilli,Bacillales,Paenibacillaceae_1,Paenibacillus,lentus,0,0,0.00156214991927838,ASV_0390,FALSE,FALSE
Bacteria,Firmicutes,Clostridia,Clostridiales,Christensenellaceae,Christensenella,Genus_Christensenella,0,0,0.00377591625943838,ASV_0391,FALSE,FALSE
Bacteria,Actinobacteria,Coriobacteriia,Eggerthellales,Eggerthellaceae,Adlercreutzia,Genus_Adlercreutzia,0,0,0.0054165504264022,ASV_0392,FALSE,FALSE
Bacteria,Bacteroidetes,Bacteroidia,Bacteroidales,Bacteroidaceae,Bacteroides,Genus_Bacteroides,0,0,0.00140844471027745,ASV_0393,FALSE,FALSE
Bacteria,Firmicutes,Bacilli,Lactobacillales,Lactobacillaceae,Lactobacillus,Genus_Lactobacillus,0.0189250567751703,0,0.00172211276023814,ASV_0394,FALSE,FALSE
Bacteria,Firmicutes,Clostridia,Clostridiales,Order_Clostridiales,Order_Clostridiales,Order_Clostridiales,0,0,0.0052810357172386,ASV_0395,FALSE,FALSE
Bacteria,Firmicutes,Clostridia,Clostridiales,Lachnospiraceae,Family_Lachnospiraceae,Family_Lachnospiraceae,0,0,0.00532043652807075,ASV_0396,FALSE,FALSE
Bacteria,Bacteroidetes,Bacteroidia,Bacteroidales,Bacteroidaceae,Family_Bacteroidaceae,Family_Bacteroidaceae,0,0,0.0014378600229049,ASV_0397,FALSE,FALSE
Bacteria,Proteobacteria,Betaproteobacteria,Burkholderiales,Sutterellaceae,Turicimonas,Genus_Turicimonas,0,0,0.00135883870465744,ASV_0398,FALSE,FALSE
Bacteria,Firmicutes,Clostridia,Clostridiales,Order_Clostridiales,Order_Clostridiales,Order_Clostridiales,0,0,0.00531101766719963,ASV_0399,FALSE,FALSE
Bacteria,Proteobacteria,Gammaproteobacteria,Enterobacterales,Enterobacteriaceae,Escherichia/Shigella,Genus_Escherichia/Shigella,0,0,0.00134838530297964,ASV_0400,FALSE,FALSE
Bacteria,Firmicutes,Bacilli,Lactobacillales,Lactobacillaceae,Lactobacillus,Genus_Lactobacillus,0,0,0.00185093138193115,ASV_0401,FALSE,FALSE
Bacteria,Proteobacteria,Gammaproteobacteria,Enterobacterales,Enterobacteriaceae,Escherichia/Shigella,Genus_Escherichia/Shigella,0,0,0.00128554460392497,ASV_0402,FALSE,FALSE
Bacteria,Firmicutes,Clostridia,Clostridiales,Lachnospiraceae,Family_Lachnospiraceae,Family_Lachnospiraceae,0,0,0.0049725642229903,ASV_0404,FALSE,FALSE
Bacteria,Firmicutes,Clostridia,Clostridiales,Ruminococcaceae,Flavonifractor,Genus_Flavonifractor,0,0,0.00492439632244394,ASV_0405,FALSE,FALSE
Bacteria,Firmicutes,Clostridia,Clostridiales,Ruminococcaceae,Family_Ruminococcaceae,Family_Ruminococcaceae,0,0,0.00206350056002637,ASV_0406,FALSE,FALSE
Bacteria,Proteobacteria,Gammaproteobacteria,Enterobacterales,Enterobacteriaceae,Escherichia/Shigella,Genus_Escherichia/Shigella,0,0,0.00129878007193084,ASV_0407,FALSE,FALSE
Bacteria,Firmicutes,Erysipelotrichia,Erysipelotrichales,Erysipelotrichaceae,Amedibacillus,Genus_Amedibacillus,0,0,0.00214038355710571,ASV_0408,FALSE,FALSE
Bacteria,Firmicutes,Clostridia,Clostridiales,Ruminococcaceae,Family_Ruminococcaceae,Family_Ruminococcaceae,0,0,0.00480375886570568,ASV_0409,FALSE,FALSE
Bacteria,Bacteroidetes,Bacteroidia,Bacteroidales,Bacteroidaceae,Bacteroides,Genus_Bacteroides,0,0,0.00126622930769739,ASV_0410,FALSE,FALSE
Bacteria,Firmicutes,Clostridia,Clostridiales,Tissierellaceae,Anaerosalibacter,bizertensis,0,0,0.00151691665453133,ASV_0411,FALSE,FALSE
Bacteria,Proteobacteria,Gammaproteobacteria,Pseudomonadales,Moraxellaceae,Acinetobacter,bouvetii/johnsonii,0,0,0.00621042416222896,ASV_0412,FALSE,FALSE
Bacteria,Proteobacteria,Gammaproteobacteria,Enterobacterales,Enterobacteriaceae,Escherichia/Shigella,Genus_Escherichia/Shigella,0,0.000842715566641947,0.00118655994712251,ASV_0413,FALSE,FALSE
Bacteria,Firmicutes,Erysipelotrichia,Erysipelotrichales,Erysipelotrichaceae,Amedibacillus,Genus_Amedibacillus,0,0,0.00348297023670988,ASV_0414,FALSE,FALSE
Bacteria,Firmicutes,Clostridia,Clostridiales,Ruminococcaceae,Family_Ruminococcaceae,Family_Ruminococcaceae,0,0,0.00470849247603106,ASV_0415,FALSE,FALSE
Bacteria,Bacteroidetes,Bacteroidia,Bacteroidales,Muribaculaceae,Duncaniella,Genus_Duncaniella,0,0,0.00267501093833376,ASV_0416,FALSE,FALSE
Bacteria,Firmicutes,Clostridia,Clostridiales,Eubacteriaceae,Anaerofustis,Genus_Anaerofustis,0,0,0.00440112919024813,ASV_0417,FALSE,FALSE
Bacteria,Firmicutes,Clostridia,Clostridiales,Ruminococcaceae,Anaerotruncus,Genus_Anaerotruncus,0,0,0.0046465205526026,ASV_0418,FALSE,FALSE
Bacteria,Firmicutes,Bacilli,Lactobacillales,Lactobacillaceae,Limosilactobacillus,Genus_Limosilactobacillus,0,0,0.0011294085411656,ASV_0419,FALSE,FALSE
Bacteria,Firmicutes,Clostridia,Clostridiales,Ruminococcaceae,Intestinimonas,Genus_Intestinimonas,0,0,0.00119433575747962,ASV_0420,FALSE,FALSE
Bacteria,Tenericutes,Mollicutes,Anaeroplasmatales,Anaeroplasmataceae,Anaeroplasma,Genus_Anaeroplasma,0,0,0.00415018089252232,ASV_0421,FALSE,FALSE
Bacteria,Bacteroidetes,Bacteroidia,Bacteroidales,Porphyromonadaceae,Parabacteroides,Genus_Parabacteroides,0,0,0.00109730534283019,ASV_0422,FALSE,FALSE
Bacteria,Firmicutes,Clostridia,Clostridiales,Ruminococcaceae,Intestinimonas,Genus_Intestinimonas,0,0,0.00419607005739651,ASV_0423,FALSE,FALSE
Bacteria,Firmicutes,Clostridia,Clostridiales,Order_Clostridiales,Order_Clostridiales,Order_Clostridiales,0,0,0.00418791031090294,ASV_0425,FALSE,FALSE
Bacteria,Firmicutes,Clostridia,Clostridiales,Ruminococcaceae,Agathobaculum,Genus_Agathobaculum,0,0,0.00395015740802809,ASV_0426,FALSE,FALSE
Bacteria,Proteobacteria,Betaproteobacteria,Burkholderiales,Sutterellaceae,Parasutterella,Genus_Parasutterella,0,0,0.00103459271350983,ASV_0427,FALSE,FALSE
Bacteria,Firmicutes,Clostridia,Clostridiales,Ruminococcaceae,Family_Ruminococcaceae,Family_Ruminococcaceae,0,0,0.00107057317935029,ASV_0428,FALSE,FALSE
Bacteria,Proteobacteria,Gammaproteobacteria,Pseudomonadales,Moraxellaceae,Enhydrobacter,aerosaccus,0.0189250567751703,0.00252814669992584,0.00358163329874904,ASV_0429,FALSE,FALSE
Bacteria,Firmicutes,Clostridia,Clostridiales,Order_Clostridiales,Order_Clostridiales,Order_Clostridiales,0,0,0.00379870947180519,ASV_0431,FALSE,FALSE
Bacteria,Proteobacteria,Gammaproteobacteria,Chromatiales,Chromatiaceae,Rheinheimera,soli/tangshanensis,0,0,0.00488055940084478,ASV_0432,FALSE,FALSE
Bacteria,Firmicutes,Clostridia,Clostridiales,Order_Clostridiales,Order_Clostridiales,Order_Clostridiales,0,0,0.0037181806071256,ASV_0433,FALSE,FALSE
Bacteria,Firmicutes,Clostridia,Clostridiales,Ruminococcaceae,Faecalibacterium,prausnitzii,0,0,0.00178391602879471,ASV_0435,FALSE,FALSE
Bacteria,Proteobacteria,Betaproteobacteria,Burkholderiales,Sutterellaceae,Turicimonas,Genus_Turicimonas,0,0,0.000924073591500226,ASV_0436,FALSE,FALSE
Bacteria,Verrucomicrobia,Verrucomicrobiae,Verrucomicrobiales,Akkermansiaceae,Akkermansia,muciniphila,0,0,0.00186504430850827,ASV_0437,FALSE,FALSE
Bacteria,Firmicutes,Clostridia,Clostridiales,Lachnospiraceae,Family_Lachnospiraceae,Family_Lachnospiraceae,0,0,0.00216463837921584,ASV_0438,FALSE,FALSE
Bacteria,Proteobacteria,Deltaproteobacteria,Class_Deltaproteobacteria,Class_Deltaproteobacteria,Class_Deltaproteobacteria,Class_Deltaproteobacteria,0,0,0.00303954540546012,ASV_0439,FALSE,FALSE
Bacteria,Proteobacteria,Betaproteobacteria,Burkholderiales,Comamonadaceae,Pelomonas,aquatica/puraquae/saccharophila,0.105655325639004,0,0.00261518692045397,ASV_0440,FALSE,FALSE
Bacteria,Firmicutes,Clostridia,Clostridiales,Ruminococcaceae,Family_Ruminococcaceae,Family_Ruminococcaceae,0,0,0.000828092917645557,ASV_0442,FALSE,FALSE
Bacteria,Proteobacteria,Betaproteobacteria,Class_Betaproteobacteria,Class_Betaproteobacteria,Class_Betaproteobacteria,Class_Betaproteobacteria,0.0433651344319167,0,0.00221655923589934,ASV_0443,FALSE,FALSE
Bacteria,Firmicutes,Clostridia,Clostridiales,Catabacteriaceae,Catabacter,Genus_Catabacter,0,0,0.00318856692170432,ASV_0444,FALSE,FALSE
Bacteria,Firmicutes,Erysipelotrichia,Erysipelotrichales,Erysipelotrichaceae,Longibaculum,Genus_Longibaculum,0,0,0.00199100853745988,ASV_0445,FALSE,FALSE
Bacteria,Bacteroidetes,Bacteroidia,Bacteroidales,Bacteroidaceae,Bacteroides,Genus_Bacteroides,0,0,0.000745152577921934,ASV_0447,FALSE,FALSE
Bacteria,Firmicutes,Clostridia,Clostridiales,Ruminococcaceae,Family_Ruminococcaceae,Family_Ruminococcaceae,0,0,0.00278115295669128,ASV_0448,FALSE,FALSE
Bacteria,Firmicutes,Erysipelotrichia,Erysipelotrichales,Erysipelotrichaceae,Family_Erysipelotrichaceae,Family_Erysipelotrichaceae,0,0,0.00297053169600234,ASV_0449,FALSE,FALSE
Bacteria,Bacteroidetes,Bacteroidia,Bacteroidales,Muribaculaceae,Duncaniella,Genus_Duncaniella,0,0,0.00311276381560372,ASV_0450,FALSE,FALSE
Bacteria,Actinobacteria,Coriobacteriia,Eggerthellales,Eggerthellaceae,Family_Eggerthellaceae,Family_Eggerthellaceae,0,0,0.00257804046321146,ASV_0451,FALSE,FALSE
Bacteria,Proteobacteria,Gammaproteobacteria,Pseudomonadales,Moraxellaceae,Acinetobacter,bouvetii/johnsonii/oryzae,0,0,0.00354949774606893,ASV_0452,FALSE,FALSE
Bacteria,Proteobacteria,Alphaproteobacteria,Rhodospirillales,Order_Rhodospirillales,Order_Rhodospirillales,Order_Rhodospirillales,0.173460537727667,0,0.00197485283876725,ASV_0453,FALSE,FALSE
Bacteria,Firmicutes,Clostridia,Clostridiales,Ruminococcaceae,Family_Ruminococcaceae,Family_Ruminococcaceae,0,0,0.00241351095953783,ASV_0454,FALSE,FALSE
Bacteria,Firmicutes,Clostridia,Clostridiales,Order_Clostridiales,Order_Clostridiales,Order_Clostridiales,0,0,0.00223594747645016,ASV_0455,FALSE,FALSE
Bacteria,Actinobacteria,Coriobacteriia,Eggerthellales,Eggerthellaceae,Adlercreutzia,Genus_Adlercreutzia,0,0,0.000992390681768266,ASV_0456,FALSE,FALSE
Bacteria,Firmicutes,Phylum_Firmicutes,Phylum_Firmicutes,Phylum_Firmicutes,Phylum_Firmicutes,Phylum_Firmicutes,0,0,0.00270253255016143,ASV_0457,FALSE,FALSE
Bacteria,Firmicutes,Clostridia,Clostridiales,Ruminococcaceae,Family_Ruminococcaceae,Family_Ruminococcaceae,0,0,0.0011664661661475,ASV_0459,FALSE,FALSE
Bacteria,Firmicutes,Bacilli,Lactobacillales,Lactobacillaceae,Ligilactobacillus,Genus_Ligilactobacillus,0,0,0.000706085842548658,ASV_0460,FALSE,FALSE
Bacteria,Firmicutes,Clostridia,Class_Clostridia,Class_Clostridia,Class_Clostridia,Class_Clostridia,0,0,0.00229985434595068,ASV_0462,FALSE,FALSE
Bacteria,Firmicutes,Clostridia,Clostridiales,Order_Clostridiales,Order_Clostridiales,Order_Clostridiales,0,0,0.00233279723863331,ASV_0463,FALSE,FALSE
Bacteria,Firmicutes,Clostridia,Clostridiales,Order_Clostridiales,Order_Clostridiales,Order_Clostridiales,0,0,0.00233659359332971,ASV_0464,FALSE,FALSE
Bacteria,Firmicutes,Clostridia,Clostridiales,Ruminococcaceae,Family_Ruminococcaceae,Family_Ruminococcaceae,0,0,0.00227198649006171,ASV_0465,FALSE,FALSE
Bacteria,Bacteroidetes,Bacteroidia,Bacteroidales,Muribaculaceae,Duncaniella,Genus_Duncaniella,0,0,0.000564452054474502,ASV_0466,FALSE,FALSE
Bacteria,Bacteroidetes,Bacteroidia,Bacteroidales,Bacteroidaceae,Phocaeicola,Genus_Phocaeicola,0,0,0.00066545798662476,ASV_0467,FALSE,FALSE
Bacteria,Bacteroidetes,Bacteroidia,Bacteroidales,Bacteroidaceae,Bacteroides,thetaiotaomicron,0,0,0.000832507455299084,ASV_0469,FALSE,FALSE
Bacteria,Bacteroidetes,Bacteroidia,Bacteroidales,Bacteroidaceae,Bacteroides,Genus_Bacteroides,0,0,0.00140955052771279,ASV_0470,FALSE,FALSE
Bacteria,Actinobacteria,Actinobacteria,Bifidobacteriales,Bifidobacteriaceae,Bifidobacterium,adolescentis/faecale/ruminantium,0,0,0.00110643528721663,ASV_0471,FALSE,FALSE
Bacteria,Firmicutes,Bacilli,Lactobacillales,Lactobacillaceae,Limosilactobacillus,Genus_Limosilactobacillus,0,0,0.000740794760872415,ASV_0472,FALSE,FALSE
Bacteria,Firmicutes,Bacilli,Lactobacillales,Lactobacillaceae,Lactobacillus,Genus_Lactobacillus,0,0,0.000720922349130684,ASV_0473,FALSE,FALSE
Bacteria,Firmicutes,Bacilli,Lactobacillales,Lactobacillaceae,Limosilactobacillus,Genus_Limosilactobacillus,0,0,0.00079318511609995,ASV_0474,FALSE,FALSE
Bacteria,Firmicutes,Clostridia,Clostridiales,Peptostreptococcaceae,Romboutsia,Genus_Romboutsia,0,0,0.000973836719375898,ASV_0475,FALSE,FALSE
Bacteria,Bacteroidetes,Bacteroidia,Bacteroidales,Bacteroidaceae,Bacteroides,Genus_Bacteroides,0,0,0.000549418689859922,ASV_0476,FALSE,FALSE
Bacteria,Firmicutes,Clostridia,Clostridiales,Ruminococcaceae,Neglecta,Genus_Neglecta,0,0,0.00107830231043966,ASV_0477,FALSE,FALSE
Bacteria,Firmicutes,Clostridia,Clostridiales,Ruminococcaceae,Family_Ruminococcaceae,Family_Ruminococcaceae,0,0,0.00177856811366613,ASV_0478,FALSE,FALSE
Bacteria,Firmicutes,Bacilli,Lactobacillales,Lactobacillaceae,Lactobacillus,Genus_Lactobacillus,0,0,0.000928737125239929,ASV_0480,FALSE,FALSE
Bacteria,Actinobacteria,Coriobacteriia,Coriobacteriales,Atopobiaceae,Olsenella,Genus_Olsenella,0,0,0.000561966279890898,ASV_0481,FALSE,FALSE
Bacteria,Firmicutes,Erysipelotrichia,Erysipelotrichales,Erysipelotrichaceae,Family_Erysipelotrichaceae,Family_Erysipelotrichaceae,0,0,0.00179209970585688,ASV_0482,FALSE,FALSE
Bacteria,Firmicutes,Clostridia,Clostridiales,Ruminococcaceae,Family_Ruminococcaceae,Family_Ruminococcaceae,0,0,0.00129931676911285,ASV_0483,FALSE,FALSE
Bacteria,Firmicutes,Bacilli,Lactobacillales,Streptococcaceae,Streptococcus,acidominimus,0,0,0.00158874448586919,ASV_0485,FALSE,FALSE
Bacteria,Bacteroidetes,Bacteroidia,Bacteroidales,Rikenellaceae,Alistipes,Genus_Alistipes,0,0,0.0017704989737709,ASV_0486,FALSE,FALSE
Bacteria,Firmicutes,Bacilli,Lactobacillales,Lactobacillaceae,Lactobacillus,Genus_Lactobacillus,0,0,0.000497991208027464,ASV_0487,FALSE,FALSE
Bacteria,Firmicutes,Bacilli,Lactobacillales,Enterococcaceae,Enterococcus,Genus_Enterococcus,0,0.00337086226656779,0.000362053400983548,ASV_0488,FALSE,FALSE
Bacteria,Firmicutes,Bacilli,Bacillales,Staphylococcaceae,Staphylococcus,epidermidis/haemolyticus/hominis/hyicus/pasteuri/warneri/xylosus,0,0,0.00138944410946819,ASV_0489,FALSE,FALSE
Bacteria,Firmicutes,Erysipelotrichia,Erysipelotrichales,Erysipelotrichaceae,Breznakia,Genus_Breznakia,0,0,0.00160658633949458,ASV_0490,FALSE,FALSE
Bacteria,Actinobacteria,Actinobacteria,Micrococcales,Micrococcaceae,Rothia,mucilaginosa,0,0,0.00179961918939638,ASV_0491,FALSE,FALSE
Bacteria,Firmicutes,Clostridia,Clostridiales,Ruminococcaceae,Oscillibacter,Genus_Oscillibacter,0,0,0.00161188891372248,ASV_0492,FALSE,FALSE
Bacteria,Firmicutes,Clostridia,Clostridiales,Ruminococcaceae,Family_Ruminococcaceae,Family_Ruminococcaceae,0,0,0.00155450319825296,ASV_0493,FALSE,FALSE
Bacteria,Proteobacteria,Gammaproteobacteria,Chromatiales,Order_Chromatiales,Order_Chromatiales,Order_Chromatiales,0.2601908065915,0,0.00100984683019834,ASV_0494,FALSE,FALSE
Bacteria,Proteobacteria,Gammaproteobacteria,Pseudomonadales,Moraxellaceae,Acinetobacter,haemolyticus/johnsonii/schindleri,0,0,0.00199659248216377,ASV_0495,FALSE,FALSE
Bacteria,Proteobacteria,Gammaproteobacteria,Pseudomonadales,Moraxellaceae,Acinetobacter,haemolyticus/johnsonii,0,0,0.001922644612454,ASV_0496,FALSE,FALSE
Bacteria,Firmicutes,Erysipelotrichia,Erysipelotrichales,Erysipelotrichaceae,Turicibacter,Genus_Turicibacter,0,0,0.000754562697104619,ASV_0497,FALSE,FALSE
Bacteria,Firmicutes,Clostridia,Clostridiales,Order_Clostridiales,Order_Clostridiales,Order_Clostridiales,0,0,0.00129704899960197,ASV_0498,FALSE,FALSE
Bacteria,Proteobacteria,Betaproteobacteria,Burkholderiales,Comamonadaceae,Aquabacterium,commune,0,0,0.00139003877122372,ASV_0499,FALSE,FALSE
Bacteria,Firmicutes,Bacilli,Lactobacillales,Streptococcaceae,Streptococcus,australis/cristatus/dentisani/infantis/mitis/oligofermentans/oralis/parasanguinis/peroris/pneumoniae/pseudopneumoniae/pyogenes/rubneri/salivarius/sanguinis/tigurinus,0.346921075455334,0,0.000760519293674663,ASV_0500,FALSE,FALSE
Bacteria,Firmicutes,Phylum_Firmicutes,Phylum_Firmicutes,Phylum_Firmicutes,Phylum_Firmicutes,Phylum_Firmicutes,0,0,0.00139746700719618,ASV_0501,FALSE,FALSE
Bacteria,Firmicutes,Clostridia,Clostridiales,Ruminococcaceae,Intestinimonas,Genus_Intestinimonas,0,0,0.000360161956720927,ASV_0502,FALSE,FALSE
Bacteria,Proteobacteria,Alphaproteobacteria,Rhizobiales,Bradyrhizobiaceae,Family_Bradyrhizobiaceae,Family_Bradyrhizobiaceae,0.0433651344319167,0,0.00122177174148116,ASV_0503,FALSE,FALSE
Bacteria,Firmicutes,Phylum_Firmicutes,Phylum_Firmicutes,Phylum_Firmicutes,Phylum_Firmicutes,Phylum_Firmicutes,0,0,0.00119881201386998,ASV_0504,FALSE,FALSE
Bacteria,Proteobacteria,Betaproteobacteria,Burkholderiales,Sutterellaceae,Parasutterella,Genus_Parasutterella,0,0,0.000338795269098334,ASV_0505,FALSE,FALSE
Bacteria,Bacteroidetes,Bacteroidia,Bacteroidales,Muribaculaceae,Duncaniella,Genus_Duncaniella,0,0,0.00102373774140355,ASV_0507,FALSE,FALSE
Bacteria,Firmicutes,Clostridia,Clostridiales,Ruminococcaceae,Pseudoflavonifractor,Genus_Pseudoflavonifractor,0,0,0.00132876018317688,ASV_0508,FALSE,FALSE
Bacteria,Firmicutes,Phylum_Firmicutes,Phylum_Firmicutes,Phylum_Firmicutes,Phylum_Firmicutes,Phylum_Firmicutes,0,0,0.00127118784033372,ASV_0509,FALSE,FALSE
Bacteria,Actinobacteria,Actinobacteria,Bifidobacteriales,Bifidobacteriaceae,Bifidobacterium,adolescentis/angulatum/catenulatum/kashiwanohense/pseudocatenulatum/thermacidophilum,0,0,0.00073676638737563,ASV_0510,FALSE,FALSE
Bacteria,Bacteroidetes,Bacteroidia,Bacteroidales,Muribaculaceae,Duncaniella,Genus_Duncaniella,0,0,0.000358351009722669,ASV_0511,FALSE,FALSE
Bacteria,Proteobacteria,Gammaproteobacteria,Pseudomonadales,Moraxellaceae,Acinetobacter,junii,0,0,0.00162685313361493,ASV_0512,FALSE,FALSE
Bacteria,Bacteroidetes,Bacteroidia,Bacteroidales,Porphyromonadaceae,Parabacteroides,distasonis,0.0189250567751703,0,0.000359846425897339,ASV_0514,FALSE,FALSE
Bacteria,Firmicutes,Clostridia,Clostridiales,Order_Clostridiales,Order_Clostridiales,Order_Clostridiales,0,0,0.00100994341260905,ASV_0515,FALSE,FALSE
Bacteria,Proteobacteria,Alphaproteobacteria,Rhizobiales,Methylobacteriaceae,Methylorubrum,Genus_Methylorubrum,0,0,0.00105844254724127,ASV_0516,FALSE,FALSE
Bacteria,Firmicutes,Erysipelotrichia,Erysipelotrichales,Erysipelotrichaceae,Longibaculum,Genus_Longibaculum,0,0,0.000408494414078495,ASV_0518,FALSE,FALSE
Bacteria,Bacteroidetes,Bacteroidia,Bacteroidales,Bacteroidaceae,Bacteroides,ovatus,0,0,0.000391992999923261,ASV_0519,FALSE,FALSE
Bacteria,Proteobacteria,Betaproteobacteria,Burkholderiales,Comamonadaceae,Curvibacter,lanceolatus,0,0,0.000981207107111793,ASV_0520,FALSE,FALSE
Bacteria,Firmicutes,Clostridia,Clostridiales,Ruminococcaceae,Family_Ruminococcaceae,Family_Ruminococcaceae,0,0,0.000855592624696733,ASV_0522,FALSE,FALSE
Bacteria,Firmicutes,Clostridia,Clostridiales,Ruminococcaceae,Ethanoligenens,Genus_Ethanoligenens,0,0,0.000830686729578092,ASV_0524,FALSE,FALSE
Bacteria,Bacteroidetes,Bacteroidia,Bacteroidales,Muribaculaceae,Duncaniella,Genus_Duncaniella,0,0,0.000243413765271306,ASV_0525,FALSE,FALSE
Bacteria,Firmicutes,Clostridia,Clostridiales,Order_Clostridiales,Order_Clostridiales,Order_Clostridiales,0,0,0.000867609100348538,ASV_0527,FALSE,FALSE
Bacteria,Actinobacteria,Actinobacteria,Actinomycetales,Actinomycetaceae,Schaalia,Genus_Schaalia,0,0,0.000626905793612582,ASV_0528,FALSE,FALSE
Bacteria,Bacteroidetes,Chitinophagia,Chitinophagales,Chitinophagaceae,Puia,Genus_Puia,0.2601908065915,0.000842715566641947,0.000391629892615199,ASV_0529,FALSE,FALSE
Bacteria,Firmicutes,Bacilli,Bacillales,Staphylococcaceae,Staphylococcus,arlettae/aureus/capitis/caprae/cohnii/epidermidis/haemolyticus/hominis/saprophyticus/warneri,0,0,0.000548762069919415,ASV_0530,FALSE,FALSE
Bacteria,Firmicutes,Bacilli,Lactobacillales,Enterococcaceae,Enterococcus,Genus_Enterococcus,0,0,0.000183546280946919,ASV_0531,FALSE,FALSE
Bacteria,Bacteroidetes,Bacteroidia,Bacteroidales,Bacteroidaceae,Bacteroides,Genus_Bacteroides,0,0,0.000206000631626927,ASV_0532,FALSE,FALSE
Bacteria,Firmicutes,Clostridia,Clostridiales,Lachnospiraceae,Anaerotignum,Genus_Anaerotignum,0,0,0.000209373666612234,ASV_0533,FALSE,FALSE
Bacteria,Actinobacteria,Coriobacteriia,Coriobacteriales,Coriobacteriaceae,Collinsella,aerofaciens,0.173460537727667,0,0.000191131243166503,ASV_0534,FALSE,FALSE
Bacteria,Bacteroidetes,Flavobacteriia,Flavobacteriales,Weeksellaceae,Chryseobacterium,hispalense/massiliensis,0,0,0,ASV_0535,FALSE,FALSE
Bacteria,Proteobacteria,Deltaproteobacteria,Myxococcales,Labilitrichaceae,Labilithrix,Genus_Labilithrix,0,0,0.000687770678582173,ASV_0536,FALSE,FALSE
Bacteria,Proteobacteria,Alphaproteobacteria,Rhodobacterales,Rhodobacteraceae,Paracoccus,aestuarii/alcaliphilus/alkenifer/aminophilus/aminovorans/beibuensis/caeni/carotinifaciens/chinensis/denitrificans/fistulariae/haeundaensis/homiensis/huijuniae/isoporae/kamogawaensis/koreensis/limosus/lutimaris/marcusii/marinus/panacisoli/saliphilus/sediminis/siganidrum/sphaerophysae/stylophorae/tibetensis/yeei,0.13009540329575,0,0.000358911455358407,ASV_0537,FALSE,FALSE
Bacteria,Firmicutes,Clostridia,Clostridiales,Order_Clostridiales,Order_Clostridiales,Order_Clostridiales,0,0,0.00066431353369602,ASV_0538,FALSE,FALSE
Bacteria,Firmicutes,Phylum_Firmicutes,Phylum_Firmicutes,Phylum_Firmicutes,Phylum_Firmicutes,Phylum_Firmicutes,0,0,0.000505982598637384,ASV_0539,FALSE,FALSE
Bacteria,Firmicutes,Bacilli,Lactobacillales,Streptococcaceae,Streptococcus,salivarius/vestibularis,0,0,0.000573614746158474,ASV_0540,FALSE,FALSE
Bacteria,Proteobacteria,Betaproteobacteria,Nitrosomonadales,Sterolibacteriaceae,Methyloversatilis,Genus_Methyloversatilis,0,0,0.000576177679877664,ASV_0541,FALSE,FALSE
Bacteria,Firmicutes,Erysipelotrichia,Erysipelotrichales,Erysipelotrichaceae,Family_Erysipelotrichaceae,Family_Erysipelotrichaceae,0,0,0.000555719080840846,ASV_0542,FALSE,FALSE
Bacteria,Firmicutes,Clostridia,Clostridiales,Ruminococcaceae,Oscillibacter,Genus_Oscillibacter,0,0,0.000210059589376262,ASV_0543,FALSE,FALSE
Bacteria,Proteobacteria,Betaproteobacteria,Burkholderiales,Comamonadaceae,Aquabacterium,Genus_Aquabacterium,0,0,0.00050562172685148,ASV_0544,FALSE,FALSE
Bacteria,Candidatus_Saccharibacteria,Phylum_Candidatus_Saccharibacteria,Phylum_Candidatus_Saccharibacteria,Phylum_Candidatus_Saccharibacteria,Phylum_Candidatus_Saccharibacteria,Phylum_Candidatus_Saccharibacteria,0,0,0.000376143476167549,ASV_0545,FALSE,FALSE
Bacteria,Firmicutes,Phylum_Firmicutes,Phylum_Firmicutes,Phylum_Firmicutes,Phylum_Firmicutes,Phylum_Firmicutes,0,0,0.000617774113076545,ASV_0547,FALSE,FALSE
Bacteria,Candidatus_Saccharibacteria,Phylum_Candidatus_Saccharibacteria,Phylum_Candidatus_Saccharibacteria,Phylum_Candidatus_Saccharibacteria,Phylum_Candidatus_Saccharibacteria,Phylum_Candidatus_Saccharibacteria,0.13009540329575,0,0.000229145647924071,ASV_0548,FALSE,FALSE
Bacteria,Proteobacteria,Alphaproteobacteria,Micropepsales,Micropepsaceae,Rhizomicrobium,Genus_Rhizomicrobium,0,0,0.000519192166895581,ASV_0549,FALSE,FALSE
Bacteria,Proteobacteria,Phylum_Proteobacteria,Phylum_Proteobacteria,Phylum_Proteobacteria,Phylum_Proteobacteria,Phylum_Proteobacteria,0,0,0.00047057820317737,ASV_0550,FALSE,FALSE
Bacteria,Deinococcus-Thermus,Deinococci,Deinococcales,Deinococcaceae,Deinococcus,geothermalis,0,0,0.000511536718189858,ASV_0551,FALSE,FALSE
Bacteria,Firmicutes,Bacilli,Lactobacillales,Lactobacillaceae,Latilactobacillus,Genus_Latilactobacillus,0.2601908065915,0,5.02274298021441e-05,ASV_0552,FALSE,FALSE
Bacteria,Firmicutes,Bacilli,Lactobacillales,Carnobacteriaceae,Granulicatella,adiacens/para-adiacens,0.2601908065915,0,5.52659619151203e-05,ASV_0553,FALSE,FALSE
Bacteria,Actinobacteria,Coriobacteriia,Eggerthellales,Eggerthellaceae,Gordonibacter,Genus_Gordonibacter,0,0,0.000442434206823089,ASV_0555,FALSE,FALSE
Bacteria,Proteobacteria,Betaproteobacteria,Burkholderiales,Sutterellaceae,Sutterella,wadsworthensis,0,0,9.14329147581464e-05,ASV_0557,FALSE,FALSE
Bacteria,Firmicutes,Negativicutes,Veillonellales,Veillonellaceae,Family_Veillonellaceae,Family_Veillonellaceae,0,0,0.000445942812293751,ASV_0558,FALSE,FALSE
Bacteria,Firmicutes,Clostridia,Clostridiales,Ruminococcaceae,Saccharofermentans,Genus_Saccharofermentans,0,0,0.00033226304992996,ASV_0559,FALSE,FALSE
Bacteria,Proteobacteria,Betaproteobacteria,Burkholderiales,Comamonadaceae,Curvibacter,delicatus/fontanus,0,0,0.000284432032643472,ASV_0560,FALSE,FALSE
Bacteria,Firmicutes,Erysipelotrichia,Erysipelotrichales,Erysipelotrichaceae,Holdemanella,Genus_Holdemanella,0,0,0.000278159788862135,ASV_0561,FALSE,FALSE
Bacteria,Bacteroidetes,Chitinophagia,Chitinophagales,Chitinophagaceae,Chitinophaga,cf.,0,0,0.000293353409315412,ASV_0562,FALSE,FALSE
Bacteria,Firmicutes,Bacilli,Bacillales,Bacillaceae_1,Anoxybacillus,flavithermus/kaynarcensis/kestanbolensis/tunisiense,0,0,0.000363754881590511,ASV_0563,FALSE,FALSE
Bacteria,Bacteroidetes,Flavobacteriia,Flavobacteriales,Flavobacteriaceae,Flavobacterium,aquaticum/cucumis/sasangense,0,0,0.000369739348548847,ASV_0564,FALSE,FALSE
NA,NA,NA,NA,NA,NA,NA,NA,NA,NA,ASV_0009,TRUE,TRUE
NA,NA,NA,NA,NA,NA,NA,NA,NA,NA,ASV_0016,TRUE,TRUE
NA,NA,NA,NA,NA,NA,NA,NA,NA,NA,ASV_0017,TRUE,TRUE
NA,NA,NA,NA,NA,NA,NA,NA,NA,NA,ASV_0022,TRUE,TRUE
NA,NA,NA,NA,NA,NA,NA,NA,NA,NA,ASV_0023,TRUE,TRUE
NA,NA,NA,NA,NA,NA,NA,NA,NA,NA,ASV_0024,TRUE,TRUE
NA,NA,NA,NA,NA,NA,NA,NA,NA,NA,ASV_0027,TRUE,TRUE
NA,NA,NA,NA,NA,NA,NA,NA,NA,NA,ASV_0029,TRUE,TRUE
NA,NA,NA,NA,NA,NA,NA,NA,NA,NA,ASV_0030,TRUE,TRUE
NA,NA,NA,NA,NA,NA,NA,NA,NA,NA,ASV_0031,TRUE,TRUE
NA,NA,NA,NA,NA,NA,NA,NA,NA,NA,ASV_0032,TRUE,TRUE
NA,NA,NA,NA,NA,NA,NA,NA,NA,NA,ASV_0033,TRUE,TRUE
NA,NA,NA,NA,NA,NA,NA,NA,NA,NA,ASV_0034,TRUE,TRUE
NA,NA,NA,NA,NA,NA,NA,NA,NA,NA,ASV_0038,TRUE,TRUE
NA,NA,NA,NA,NA,NA,NA,NA,NA,NA,ASV_0039,TRUE,TRUE
NA,NA,NA,NA,NA,NA,NA,NA,NA,NA,ASV_0042,TRUE,TRUE
NA,NA,NA,NA,NA,NA,NA,NA,NA,NA,ASV_0043,TRUE,TRUE
NA,NA,NA,NA,NA,NA,NA,NA,NA,NA,ASV_0045,TRUE,TRUE
NA,NA,NA,NA,NA,NA,NA,NA,NA,NA,ASV_0050,TRUE,TRUE
NA,NA,NA,NA,NA,NA,NA,NA,NA,NA,ASV_0056,TRUE,TRUE
NA,NA,NA,NA,NA,NA,NA,NA,NA,NA,ASV_0057,TRUE,TRUE
NA,NA,NA,NA,NA,NA,NA,NA,NA,NA,ASV_0058,TRUE,TRUE
NA,NA,NA,NA,NA,NA,NA,NA,NA,NA,ASV_0059,TRUE,TRUE
NA,NA,NA,NA,NA,NA,NA,NA,NA,NA,ASV_0060,TRUE,TRUE
NA,NA,NA,NA,NA,NA,NA,NA,NA,NA,ASV_0063,TRUE,TRUE
NA,NA,NA,NA,NA,NA,NA,NA,NA,NA,ASV_0066,TRUE,TRUE
NA,NA,NA,NA,NA,NA,NA,NA,NA,NA,ASV_0067,TRUE,TRUE
NA,NA,NA,NA,NA,NA,NA,NA,NA,NA,ASV_0068,TRUE,TRUE
NA,NA,NA,NA,NA,NA,NA,NA,NA,NA,ASV_0072,TRUE,TRUE
NA,NA,NA,NA,NA,NA,NA,NA,NA,NA,ASV_0073,TRUE,TRUE
NA,NA,NA,NA,NA,NA,NA,NA,NA,NA,ASV_0074,TRUE,TRUE
NA,NA,NA,NA,NA,NA,NA,NA,NA,NA,ASV_0075,TRUE,TRUE
NA,NA,NA,NA,NA,NA,NA,NA,NA,NA,ASV_0076,TRUE,TRUE
NA,NA,NA,NA,NA,NA,NA,NA,NA,NA,ASV_0079,TRUE,TRUE
NA,NA,NA,NA,NA,NA,NA,NA,NA,NA,ASV_0080,TRUE,TRUE
NA,NA,NA,NA,NA,NA,NA,NA,NA,NA,ASV_0083,TRUE,TRUE
NA,NA,NA,NA,NA,NA,NA,NA,NA,NA,ASV_0084,TRUE,TRUE
NA,NA,NA,NA,NA,NA,NA,NA,NA,NA,ASV_0087,TRUE,TRUE
NA,NA,NA,NA,NA,NA,NA,NA,NA,NA,ASV_0088,TRUE,TRUE
NA,NA,NA,NA,NA,NA,NA,NA,NA,NA,ASV_0089,TRUE,TRUE
NA,NA,NA,NA,NA,NA,NA,NA,NA,NA,ASV_0091,TRUE,TRUE
NA,NA,NA,NA,NA,NA,NA,NA,NA,NA,ASV_0093,TRUE,TRUE
NA,NA,NA,NA,NA,NA,NA,NA,NA,NA,ASV_0095,TRUE,TRUE
NA,NA,NA,NA,NA,NA,NA,NA,NA,NA,ASV_0096,TRUE,TRUE
NA,NA,NA,NA,NA,NA,NA,NA,NA,NA,ASV_0097,TRUE,TRUE
NA,NA,NA,NA,NA,NA,NA,NA,NA,NA,ASV_0098,TRUE,TRUE
NA,NA,NA,NA,NA,NA,NA,NA,NA,NA,ASV_0099,TRUE,TRUE
NA,NA,NA,NA,NA,NA,NA,NA,NA,NA,ASV_0100,TRUE,TRUE
NA,NA,NA,NA,NA,NA,NA,NA,NA,NA,ASV_0102,TRUE,TRUE
NA,NA,NA,NA,NA,NA,NA,NA,NA,NA,ASV_0103,TRUE,TRUE
NA,NA,NA,NA,NA,NA,NA,NA,NA,NA,ASV_0104,TRUE,TRUE
NA,NA,NA,NA,NA,NA,NA,NA,NA,NA,ASV_0106,TRUE,TRUE
NA,NA,NA,NA,NA,NA,NA,NA,NA,NA,ASV_0108,TRUE,TRUE
NA,NA,NA,NA,NA,NA,NA,NA,NA,NA,ASV_0109,TRUE,TRUE
NA,NA,NA,NA,NA,NA,NA,NA,NA,NA,ASV_0112,TRUE,TRUE
NA,NA,NA,NA,NA,NA,NA,NA,NA,NA,ASV_0114,TRUE,TRUE
NA,NA,NA,NA,NA,NA,NA,NA,NA,NA,ASV_0116,TRUE,TRUE
NA,NA,NA,NA,NA,NA,NA,NA,NA,NA,ASV_0117,TRUE,TRUE
NA,NA,NA,NA,NA,NA,NA,NA,NA,NA,ASV_0119,TRUE,TRUE
NA,NA,NA,NA,NA,NA,NA,NA,NA,NA,ASV_0123,TRUE,TRUE
NA,NA,NA,NA,NA,NA,NA,NA,NA,NA,ASV_0125,TRUE,TRUE
NA,NA,NA,NA,NA,NA,NA,NA,NA,NA,ASV_0126,TRUE,TRUE
NA,NA,NA,NA,NA,NA,NA,NA,NA,NA,ASV_0127,TRUE,TRUE
NA,NA,NA,NA,NA,NA,NA,NA,NA,NA,ASV_0128,TRUE,TRUE
NA,NA,NA,NA,NA,NA,NA,NA,NA,NA,ASV_0129,TRUE,TRUE
NA,NA,NA,NA,NA,NA,NA,NA,NA,NA,ASV_0130,TRUE,TRUE
NA,NA,NA,NA,NA,NA,NA,NA,NA,NA,ASV_0131,TRUE,TRUE
NA,NA,NA,NA,NA,NA,NA,NA,NA,NA,ASV_0133,TRUE,TRUE
NA,NA,NA,NA,NA,NA,NA,NA,NA,NA,ASV_0134,TRUE,TRUE
NA,NA,NA,NA,NA,NA,NA,NA,NA,NA,ASV_0135,TRUE,TRUE
NA,NA,NA,NA,NA,NA,NA,NA,NA,NA,ASV_0138,TRUE,TRUE
NA,NA,NA,NA,NA,NA,NA,NA,NA,NA,ASV_0140,TRUE,TRUE
NA,NA,NA,NA,NA,NA,NA,NA,NA,NA,ASV_0142,TRUE,TRUE
NA,NA,NA,NA,NA,NA,NA,NA,NA,NA,ASV_0144,TRUE,TRUE
NA,NA,NA,NA,NA,NA,NA,NA,NA,NA,ASV_0145,TRUE,TRUE
NA,NA,NA,NA,NA,NA,NA,NA,NA,NA,ASV_0146,TRUE,TRUE
NA,NA,NA,NA,NA,NA,NA,NA,NA,NA,ASV_0148,TRUE,TRUE
NA,NA,NA,NA,NA,NA,NA,NA,NA,NA,ASV_0150,TRUE,TRUE
NA,NA,NA,NA,NA,NA,NA,NA,NA,NA,ASV_0152,TRUE,TRUE
NA,NA,NA,NA,NA,NA,NA,NA,NA,NA,ASV_0153,TRUE,TRUE
NA,NA,NA,NA,NA,NA,NA,NA,NA,NA,ASV_0154,TRUE,TRUE
NA,NA,NA,NA,NA,NA,NA,NA,NA,NA,ASV_0155,TRUE,TRUE
NA,NA,NA,NA,NA,NA,NA,NA,NA,NA,ASV_0156,TRUE,TRUE
NA,NA,NA,NA,NA,NA,NA,NA,NA,NA,ASV_0158,TRUE,TRUE
NA,NA,NA,NA,NA,NA,NA,NA,NA,NA,ASV_0159,TRUE,TRUE
NA,NA,NA,NA,NA,NA,NA,NA,NA,NA,ASV_0160,TRUE,TRUE
NA,NA,NA,NA,NA,NA,NA,NA,NA,NA,ASV_0161,TRUE,TRUE
NA,NA,NA,NA,NA,NA,NA,NA,NA,NA,ASV_0162,TRUE,TRUE
NA,NA,NA,NA,NA,NA,NA,NA,NA,NA,ASV_0163,TRUE,TRUE
NA,NA,NA,NA,NA,NA,NA,NA,NA,NA,ASV_0164,TRUE,TRUE
NA,NA,NA,NA,NA,NA,NA,NA,NA,NA,ASV_0165,TRUE,TRUE
NA,NA,NA,NA,NA,NA,NA,NA,NA,NA,ASV_0166,TRUE,TRUE
NA,NA,NA,NA,NA,NA,NA,NA,NA,NA,ASV_0167,TRUE,TRUE
NA,NA,NA,NA,NA,NA,NA,NA,NA,NA,ASV_0168,TRUE,TRUE
NA,NA,NA,NA,NA,NA,NA,NA,NA,NA,ASV_0169,TRUE,TRUE
NA,NA,NA,NA,NA,NA,NA,NA,NA,NA,ASV_0171,TRUE,TRUE
NA,NA,NA,NA,NA,NA,NA,NA,NA,NA,ASV_0172,TRUE,TRUE
NA,NA,NA,NA,NA,NA,NA,NA,NA,NA,ASV_0173,TRUE,TRUE
NA,NA,NA,NA,NA,NA,NA,NA,NA,NA,ASV_0174,TRUE,TRUE
NA,NA,NA,NA,NA,NA,NA,NA,NA,NA,ASV_0175,TRUE,TRUE
NA,NA,NA,NA,NA,NA,NA,NA,NA,NA,ASV_0176,TRUE,TRUE
NA,NA,NA,NA,NA,NA,NA,NA,NA,NA,ASV_0177,TRUE,TRUE
NA,NA,NA,NA,NA,NA,NA,NA,NA,NA,ASV_0178,TRUE,TRUE
NA,NA,NA,NA,NA,NA,NA,NA,NA,NA,ASV_0179,TRUE,TRUE
NA,NA,NA,NA,NA,NA,NA,NA,NA,NA,ASV_0180,TRUE,TRUE
NA,NA,NA,NA,NA,NA,NA,NA,NA,NA,ASV_0181,TRUE,TRUE
NA,NA,NA,NA,NA,NA,NA,NA,NA,NA,ASV_0182,TRUE,TRUE
NA,NA,NA,NA,NA,NA,NA,NA,NA,NA,ASV_0184,TRUE,TRUE
NA,NA,NA,NA,NA,NA,NA,NA,NA,NA,ASV_0185,TRUE,TRUE
NA,NA,NA,NA,NA,NA,NA,NA,NA,NA,ASV_0187,TRUE,TRUE
NA,NA,NA,NA,NA,NA,NA,NA,NA,NA,ASV_0190,TRUE,TRUE
NA,NA,NA,NA,NA,NA,NA,NA,NA,NA,ASV_0191,TRUE,TRUE
NA,NA,NA,NA,NA,NA,NA,NA,NA,NA,ASV_0192,TRUE,TRUE
NA,NA,NA,NA,NA,NA,NA,NA,NA,NA,ASV_0193,TRUE,TRUE
NA,NA,NA,NA,NA,NA,NA,NA,NA,NA,ASV_0195,TRUE,TRUE
NA,NA,NA,NA,NA,NA,NA,NA,NA,NA,ASV_0196,TRUE,TRUE
NA,NA,NA,NA,NA,NA,NA,NA,NA,NA,ASV_0197,TRUE,TRUE
NA,NA,NA,NA,NA,NA,NA,NA,NA,NA,ASV_0199,TRUE,TRUE
NA,NA,NA,NA,NA,NA,NA,NA,NA,NA,ASV_0201,TRUE,TRUE
NA,NA,NA,NA,NA,NA,NA,NA,NA,NA,ASV_0203,TRUE,TRUE
NA,NA,NA,NA,NA,NA,NA,NA,NA,NA,ASV_0204,TRUE,TRUE
NA,NA,NA,NA,NA,NA,NA,NA,NA,NA,ASV_0207,TRUE,TRUE
NA,NA,NA,NA,NA,NA,NA,NA,NA,NA,ASV_0209,TRUE,TRUE
NA,NA,NA,NA,NA,NA,NA,NA,NA,NA,ASV_0211,TRUE,TRUE
NA,NA,NA,NA,NA,NA,NA,NA,NA,NA,ASV_0212,TRUE,TRUE
NA,NA,NA,NA,NA,NA,NA,NA,NA,NA,ASV_0213,TRUE,TRUE
NA,NA,NA,NA,NA,NA,NA,NA,NA,NA,ASV_0214,TRUE,TRUE
NA,NA,NA,NA,NA,NA,NA,NA,NA,NA,ASV_0215,TRUE,TRUE
NA,NA,NA,NA,NA,NA,NA,NA,NA,NA,ASV_0217,TRUE,TRUE
NA,NA,NA,NA,NA,NA,NA,NA,NA,NA,ASV_0219,TRUE,TRUE
NA,NA,NA,NA,NA,NA,NA,NA,NA,NA,ASV_0221,TRUE,TRUE
NA,NA,NA,NA,NA,NA,NA,NA,NA,NA,ASV_0222,TRUE,TRUE
NA,NA,NA,NA,NA,NA,NA,NA,NA,NA,ASV_0223,TRUE,TRUE
NA,NA,NA,NA,NA,NA,NA,NA,NA,NA,ASV_0224,TRUE,TRUE
NA,NA,NA,NA,NA,NA,NA,NA,NA,NA,ASV_0225,TRUE,TRUE
NA,NA,NA,NA,NA,NA,NA,NA,NA,NA,ASV_0226,TRUE,TRUE
NA,NA,NA,NA,NA,NA,NA,NA,NA,NA,ASV_0228,TRUE,TRUE
NA,NA,NA,NA,NA,NA,NA,NA,NA,NA,ASV_0232,TRUE,TRUE
NA,NA,NA,NA,NA,NA,NA,NA,NA,NA,ASV_0233,TRUE,TRUE
NA,NA,NA,NA,NA,NA,NA,NA,NA,NA,ASV_0234,TRUE,TRUE
NA,NA,NA,NA,NA,NA,NA,NA,NA,NA,ASV_0236,TRUE,TRUE
NA,NA,NA,NA,NA,NA,NA,NA,NA,NA,ASV_0238,TRUE,TRUE
NA,NA,NA,NA,NA,NA,NA,NA,NA,NA,ASV_0244,TRUE,TRUE
NA,NA,NA,NA,NA,NA,NA,NA,NA,NA,ASV_0246,TRUE,TRUE
NA,NA,NA,NA,NA,NA,NA,NA,NA,NA,ASV_0249,TRUE,TRUE
NA,NA,NA,NA,NA,NA,NA,NA,NA,NA,ASV_0251,TRUE,TRUE
NA,NA,NA,NA,NA,NA,NA,NA,NA,NA,ASV_0253,TRUE,TRUE
NA,NA,NA,NA,NA,NA,NA,NA,NA,NA,ASV_0254,TRUE,TRUE
NA,NA,NA,NA,NA,NA,NA,NA,NA,NA,ASV_0256,TRUE,TRUE
NA,NA,NA,NA,NA,NA,NA,NA,NA,NA,ASV_0258,TRUE,TRUE
NA,NA,NA,NA,NA,NA,NA,NA,NA,NA,ASV_0259,TRUE,TRUE
NA,NA,NA,NA,NA,NA,NA,NA,NA,NA,ASV_0271,TRUE,TRUE
NA,NA,NA,NA,NA,NA,NA,NA,NA,NA,ASV_0274,TRUE,TRUE
NA,NA,NA,NA,NA,NA,NA,NA,NA,NA,ASV_0275,TRUE,TRUE
NA,NA,NA,NA,NA,NA,NA,NA,NA,NA,ASV_0278,TRUE,TRUE
NA,NA,NA,NA,NA,NA,NA,NA,NA,NA,ASV_0281,TRUE,TRUE
NA,NA,NA,NA,NA,NA,NA,NA,NA,NA,ASV_0287,TRUE,TRUE
NA,NA,NA,NA,NA,NA,NA,NA,NA,NA,ASV_0300,TRUE,TRUE
NA,NA,NA,NA,NA,NA,NA,NA,NA,NA,ASV_0322,TRUE,TRUE
NA,NA,NA,NA,NA,NA,NA,NA,NA,NA,ASV_0328,TRUE,TRUE
NA,NA,NA,NA,NA,NA,NA,NA,NA,NA,ASV_0349,TRUE,TRUE
NA,NA,NA,NA,NA,NA,NA,NA,NA,NA,ASV_0361,TRUE,TRUE
NA,NA,NA,NA,NA,NA,NA,NA,NA,NA,ASV_0362,TRUE,TRUE
NA,NA,NA,NA,NA,NA,NA,NA,NA,NA,ASV_0364,TRUE,TRUE
NA,NA,NA,NA,NA,NA,NA,NA,NA,NA,ASV_0381,TRUE,TRUE
NA,NA,NA,NA,NA,NA,NA,NA,NA,NA,ASV_0430,TRUE,TRUE
NA,NA,NA,NA,NA,NA,NA,NA,NA,NA,ASV_0513,TRUE,TRUE
NA,NA,NA,NA,NA,NA,NA,NA,NA,NA,ASV_0517,TRUE,TRUE
NA,NA,NA,NA,NA,NA,NA,NA,NA,NA,ASV_0565,FALSE,FALSE
NA,NA,NA,NA,NA,NA,NA,NA,NA,NA,ASV_0566,FALSE,FALSE
NA,NA,NA,NA,NA,NA,NA,NA,NA,NA,ASV_0567,FALSE,FALSE
NA,NA,NA,NA,NA,NA,NA,NA,NA,NA,ASV_0569,FALSE,FALSE
NA,NA,NA,NA,NA,NA,NA,NA,NA,NA,ASV_0571,FALSE,FALSE
NA,NA,NA,NA,NA,NA,NA,NA,NA,NA,ASV_0572,FALSE,FALSE
NA,NA,NA,NA,NA,NA,NA,NA,NA,NA,ASV_0573,FALSE,FALSE
NA,NA,NA,NA,NA,NA,NA,NA,NA,NA,ASV_0574,TRUE,TRUE
NA,NA,NA,NA,NA,NA,NA,NA,NA,NA,ASV_0575,FALSE,FALSE
NA,NA,NA,NA,NA,NA,NA,NA,NA,NA,ASV_0576,FALSE,FALSE
NA,NA,NA,NA,NA,NA,NA,NA,NA,NA,ASV_0577,FALSE,FALSE
NA,NA,NA,NA,NA,NA,NA,NA,NA,NA,ASV_0580,FALSE,FALSE
