Treatment,Time_point,Family,variable,n,mean,sd
DMSO,T0,Actinomycetaceae,Abundance,3,0.015,0.026
Imolope_high,T0,Actinomycetaceae,Abundance,3,0,0
Imolope_low,T0,Actinomycetaceae,Abundance,3,0,0
Lop_high,T0,Actinomycetaceae,Abundance,3,0,0
Lop_low,T0,Actinomycetaceae,Abundance,3,0,0
Saline,T0,Actinomycetaceae,Abundance,3,0,0
DMSO,T24,Actinomycetaceae,Abundance,3,0,0
Imolope_high,T24,Actinomycetaceae,Abundance,3,0,0
Imolope_low,T24,Actinomycetaceae,Abundance,3,0,0
Lop_high,T24,Actinomycetaceae,Abundance,3,0,0
Lop_low,T24,Actinomycetaceae,Abundance,3,0,0
Saline,T24,Actinomycetaceae,Abundance,3,0,0
DMSO,T48,Actinomycetaceae,Abundance,3,0,0
Imolope_high,T48,Actinomycetaceae,Abundance,3,0,0
Imolope_low,T48,Actinomycetaceae,Abundance,3,0,0
Lop_high,T48,Actinomycetaceae,Abundance,3,0,0
Lop_low,T48,Actinomycetaceae,Abundance,3,0,0
Saline,T48,Actinomycetaceae,Abundance,3,0,0
DMSO,T72,Actinomycetaceae,Abundance,3,0,0
Imolope_high,T72,Actinomycetaceae,Abundance,3,0,0
Imolope_low,T72,Actinomycetaceae,Abundance,3,0,0
Lop_high,T72,Actinomycetaceae,Abundance,3,0,0
Lop_low,T72,Actinomycetaceae,Abundance,3,0,0
Saline,T72,Actinomycetaceae,Abundance,3,0,0
DMSO,T0,Akkermansiaceae,Abundance,3,0.008,0.002
Imolope_high,T0,Akkermansiaceae,Abundance,3,0.009,0.008
Imolope_low,T0,Akkermansiaceae,Abundance,3,0,0
Lop_high,T0,Akkermansiaceae,Abundance,3,0.007,0.01
Lop_low,T0,Akkermansiaceae,Abundance,3,0.003,0.005
Saline,T0,Akkermansiaceae,Abundance,3,0.004,0.007
DMSO,T24,Akkermansiaceae,Abundance,3,0,0
Imolope_high,T24,Akkermansiaceae,Abundance,3,0,0
Imolope_low,T24,Akkermansiaceae,Abundance,3,0,0
Lop_high,T24,Akkermansiaceae,Abundance,3,0,0.001
Lop_low,T24,Akkermansiaceae,Abundance,3,0,0.001
Saline,T24,Akkermansiaceae,Abundance,3,0,0
DMSO,T48,Akkermansiaceae,Abundance,3,0.002,0.001
Imolope_high,T48,Akkermansiaceae,Abundance,3,0.001,0.001
Imolope_low,T48,Akkermansiaceae,Abundance,3,0.001,0.001
Lop_high,T48,Akkermansiaceae,Abundance,3,0,0
Lop_low,T48,Akkermansiaceae,Abundance,3,0.001,0.001
Saline,T48,Akkermansiaceae,Abundance,3,0.002,0.002
DMSO,T72,Akkermansiaceae,Abundance,3,0.001,0.001
Imolope_high,T72,Akkermansiaceae,Abundance,3,0.001,0.001
Imolope_low,T72,Akkermansiaceae,Abundance,3,0.001,0
Lop_high,T72,Akkermansiaceae,Abundance,3,0,0
Lop_low,T72,Akkermansiaceae,Abundance,3,0.001,0.001
Saline,T72,Akkermansiaceae,Abundance,3,0.002,0.002
DMSO,T0,Anaeroplasmataceae,Abundance,3,0.024,0.012
Imolope_high,T0,Anaeroplasmataceae,Abundance,3,0.012,0.004
Imolope_low,T0,Anaeroplasmataceae,Abundance,3,0.012,0.001
Lop_high,T0,Anaeroplasmataceae,Abundance,3,0.006,0.008
Lop_low,T0,Anaeroplasmataceae,Abundance,3,0.032,0.021
Saline,T0,Anaeroplasmataceae,Abundance,3,0.013,0.009
DMSO,T24,Anaeroplasmataceae,Abundance,3,0,0.001
Imolope_high,T24,Anaeroplasmataceae,Abundance,3,0,0
Imolope_low,T24,Anaeroplasmataceae,Abundance,3,0,0
Lop_high,T24,Anaeroplasmataceae,Abundance,3,0,0
Lop_low,T24,Anaeroplasmataceae,Abundance,3,0,0
Saline,T24,Anaeroplasmataceae,Abundance,3,0,0
DMSO,T48,Anaeroplasmataceae,Abundance,3,0,0
Imolope_high,T48,Anaeroplasmataceae,Abundance,3,0,0
Imolope_low,T48,Anaeroplasmataceae,Abundance,3,0,0
Lop_high,T48,Anaeroplasmataceae,Abundance,3,0,0
Lop_low,T48,Anaeroplasmataceae,Abundance,3,0,0.001
Saline,T48,Anaeroplasmataceae,Abundance,3,0,0
DMSO,T72,Anaeroplasmataceae,Abundance,3,0,0
Imolope_high,T72,Anaeroplasmataceae,Abundance,3,0,0
Imolope_low,T72,Anaeroplasmataceae,Abundance,3,0,0
Lop_high,T72,Anaeroplasmataceae,Abundance,3,0,0
Lop_low,T72,Anaeroplasmataceae,Abundance,3,0,0
Saline,T72,Anaeroplasmataceae,Abundance,3,0,0
DMSO,T0,Atopobiaceae,Abundance,3,0,0
Imolope_high,T0,Atopobiaceae,Abundance,3,0,0
Imolope_low,T0,Atopobiaceae,Abundance,3,0,0
Lop_high,T0,Atopobiaceae,Abundance,3,0,0
Lop_low,T0,Atopobiaceae,Abundance,3,0,0
Saline,T0,Atopobiaceae,Abundance,3,0.001,0.002
DMSO,T24,Atopobiaceae,Abundance,3,0,0
Imolope_high,T24,Atopobiaceae,Abundance,3,0,0
Imolope_low,T24,Atopobiaceae,Abundance,3,0,0
Lop_high,T24,Atopobiaceae,Abundance,3,0,0.001
Lop_low,T24,Atopobiaceae,Abundance,3,0,0
Saline,T24,Atopobiaceae,Abundance,3,0,0.001
DMSO,T48,Atopobiaceae,Abundance,3,0,0
Imolope_high,T48,Atopobiaceae,Abundance,3,0,0
Imolope_low,T48,Atopobiaceae,Abundance,3,0,0
Lop_high,T48,Atopobiaceae,Abundance,3,0.002,0.002
Lop_low,T48,Atopobiaceae,Abundance,3,0,0
Saline,T48,Atopobiaceae,Abundance,3,0.001,0
DMSO,T72,Atopobiaceae,Abundance,3,0,0
Imolope_high,T72,Atopobiaceae,Abundance,3,0,0
Imolope_low,T72,Atopobiaceae,Abundance,3,0,0
Lop_high,T72,Atopobiaceae,Abundance,3,0.004,0.004
Lop_low,T72,Atopobiaceae,Abundance,3,0,0
Saline,T72,Atopobiaceae,Abundance,3,0.004,0.004
DMSO,T0,Bacillaceae_1,Abundance,3,0.001,0.002
Imolope_high,T0,Bacillaceae_1,Abundance,3,0,0
Imolope_low,T0,Bacillaceae_1,Abundance,3,0,0
Lop_high,T0,Bacillaceae_1,Abundance,3,0.01,0.018
Lop_low,T0,Bacillaceae_1,Abundance,3,0.005,0.006
Saline,T0,Bacillaceae_1,Abundance,3,0,0
DMSO,T24,Bacillaceae_1,Abundance,3,0,0.001
Imolope_high,T24,Bacillaceae_1,Abundance,3,0,0
Imolope_low,T24,Bacillaceae_1,Abundance,3,0.002,0.004
Lop_high,T24,Bacillaceae_1,Abundance,3,0.003,0.006
Lop_low,T24,Bacillaceae_1,Abundance,3,0,0.001
Saline,T24,Bacillaceae_1,Abundance,3,0.001,0.002
DMSO,T48,Bacillaceae_1,Abundance,3,0,0
Imolope_high,T48,Bacillaceae_1,Abundance,3,0,0
Imolope_low,T48,Bacillaceae_1,Abundance,3,0,0
Lop_high,T48,Bacillaceae_1,Abundance,3,0,0
Lop_low,T48,Bacillaceae_1,Abundance,3,0,0
Saline,T48,Bacillaceae_1,Abundance,3,0,0
DMSO,T72,Bacillaceae_1,Abundance,3,0,0
Imolope_high,T72,Bacillaceae_1,Abundance,3,0,0
Imolope_low,T72,Bacillaceae_1,Abundance,3,0,0
Lop_high,T72,Bacillaceae_1,Abundance,3,0,0
Lop_low,T72,Bacillaceae_1,Abundance,3,0,0.001
Saline,T72,Bacillaceae_1,Abundance,3,0,0.001
DMSO,T0,Bacteroidaceae,Abundance,3,1.377,1
Imolope_high,T0,Bacteroidaceae,Abundance,3,0.649,0.175
Imolope_low,T0,Bacteroidaceae,Abundance,3,0.526,0.167
Lop_high,T0,Bacteroidaceae,Abundance,3,0.72,0.395
Lop_low,T0,Bacteroidaceae,Abundance,3,0.739,0.205
Saline,T0,Bacteroidaceae,Abundance,3,0.49,0.012
DMSO,T24,Bacteroidaceae,Abundance,3,11.474,5.42
Imolope_high,T24,Bacteroidaceae,Abundance,3,13.552,4.366
Imolope_low,T24,Bacteroidaceae,Abundance,3,20.929,2.146
Lop_high,T24,Bacteroidaceae,Abundance,3,14.294,3.152
Lop_low,T24,Bacteroidaceae,Abundance,3,17.446,4.841
Saline,T24,Bacteroidaceae,Abundance,3,20.318,2.346
DMSO,T48,Bacteroidaceae,Abundance,3,20.064,0.939
Imolope_high,T48,Bacteroidaceae,Abundance,3,23.979,0.775
Imolope_low,T48,Bacteroidaceae,Abundance,3,24.71,1.985
Lop_high,T48,Bacteroidaceae,Abundance,3,19.644,2.552
Lop_low,T48,Bacteroidaceae,Abundance,3,22.144,1.122
Saline,T48,Bacteroidaceae,Abundance,3,24.575,4.494
DMSO,T72,Bacteroidaceae,Abundance,3,17.612,2.626
Imolope_high,T72,Bacteroidaceae,Abundance,3,23.182,2.095
Imolope_low,T72,Bacteroidaceae,Abundance,3,22.176,1.484
Lop_high,T72,Bacteroidaceae,Abundance,3,18.276,2.488
Lop_low,T72,Bacteroidaceae,Abundance,3,16.718,7.537
Saline,T72,Bacteroidaceae,Abundance,3,18.849,3.55
DMSO,T0,Bifidobacteriaceae,Abundance,3,0.005,0.006
Imolope_high,T0,Bifidobacteriaceae,Abundance,3,0,0
Imolope_low,T0,Bifidobacteriaceae,Abundance,3,0.007,0.005
Lop_high,T0,Bifidobacteriaceae,Abundance,3,0,0
Lop_low,T0,Bifidobacteriaceae,Abundance,3,0,0
Saline,T0,Bifidobacteriaceae,Abundance,3,0.02,0.013
DMSO,T24,Bifidobacteriaceae,Abundance,3,0,0
Imolope_high,T24,Bifidobacteriaceae,Abundance,3,0.002,0.002
Imolope_low,T24,Bifidobacteriaceae,Abundance,3,0,0
Lop_high,T24,Bifidobacteriaceae,Abundance,3,0,0.001
Lop_low,T24,Bifidobacteriaceae,Abundance,3,0,0
Saline,T24,Bifidobacteriaceae,Abundance,3,0,0.001
DMSO,T48,Bifidobacteriaceae,Abundance,3,0.001,0.001
Imolope_high,T48,Bifidobacteriaceae,Abundance,3,0.001,0.001
Imolope_low,T48,Bifidobacteriaceae,Abundance,3,0.001,0.001
Lop_high,T48,Bifidobacteriaceae,Abundance,3,0,0
Lop_low,T48,Bifidobacteriaceae,Abundance,3,0.002,0.001
Saline,T48,Bifidobacteriaceae,Abundance,3,0.002,0.002
DMSO,T72,Bifidobacteriaceae,Abundance,3,0,0
Imolope_high,T72,Bifidobacteriaceae,Abundance,3,0.001,0.001
Imolope_low,T72,Bifidobacteriaceae,Abundance,3,0,0
Lop_high,T72,Bifidobacteriaceae,Abundance,3,0,0.001
Lop_low,T72,Bifidobacteriaceae,Abundance,3,0.002,0.003
Saline,T72,Bifidobacteriaceae,Abundance,3,0,0.001
DMSO,T0,Bradyrhizobiaceae,Abundance,3,0.013,0.017
Imolope_high,T0,Bradyrhizobiaceae,Abundance,3,0.001,0.002
Imolope_low,T0,Bradyrhizobiaceae,Abundance,3,0.006,0.006
Lop_high,T0,Bradyrhizobiaceae,Abundance,3,0.002,0.003
Lop_low,T0,Bradyrhizobiaceae,Abundance,3,0.003,0.005
Saline,T0,Bradyrhizobiaceae,Abundance,3,0.004,0.006
DMSO,T24,Bradyrhizobiaceae,Abundance,3,0,0
Imolope_high,T24,Bradyrhizobiaceae,Abundance,3,0,0
Imolope_low,T24,Bradyrhizobiaceae,Abundance,3,0,0
Lop_high,T24,Bradyrhizobiaceae,Abundance,3,0,0
Lop_low,T24,Bradyrhizobiaceae,Abundance,3,0,0
Saline,T24,Bradyrhizobiaceae,Abundance,3,0,0
DMSO,T48,Bradyrhizobiaceae,Abundance,3,0,0
Imolope_high,T48,Bradyrhizobiaceae,Abundance,3,0,0
Imolope_low,T48,Bradyrhizobiaceae,Abundance,3,0,0
Lop_high,T48,Bradyrhizobiaceae,Abundance,3,0,0
Lop_low,T48,Bradyrhizobiaceae,Abundance,3,0,0
Saline,T48,Bradyrhizobiaceae,Abundance,3,0,0
DMSO,T72,Bradyrhizobiaceae,Abundance,3,0,0
Imolope_high,T72,Bradyrhizobiaceae,Abundance,3,0,0
Imolope_low,T72,Bradyrhizobiaceae,Abundance,3,0,0
Lop_high,T72,Bradyrhizobiaceae,Abundance,3,0,0
Lop_low,T72,Bradyrhizobiaceae,Abundance,3,0,0.001
Saline,T72,Bradyrhizobiaceae,Abundance,3,0,0
DMSO,T0,Carnobacteriaceae,Abundance,3,0,0
Imolope_high,T0,Carnobacteriaceae,Abundance,3,0,0
Imolope_low,T0,Carnobacteriaceae,Abundance,3,0,0
Lop_high,T0,Carnobacteriaceae,Abundance,3,0,0
Lop_low,T0,Carnobacteriaceae,Abundance,3,0,0
Saline,T0,Carnobacteriaceae,Abundance,3,0.001,0.002
DMSO,T24,Carnobacteriaceae,Abundance,3,0,0
Imolope_high,T24,Carnobacteriaceae,Abundance,3,0,0
Imolope_low,T24,Carnobacteriaceae,Abundance,3,0,0
Lop_high,T24,Carnobacteriaceae,Abundance,3,0,0
Lop_low,T24,Carnobacteriaceae,Abundance,3,0,0
Saline,T24,Carnobacteriaceae,Abundance,3,0,0
DMSO,T48,Carnobacteriaceae,Abundance,3,0,0
Imolope_high,T48,Carnobacteriaceae,Abundance,3,0,0
Imolope_low,T48,Carnobacteriaceae,Abundance,3,0,0
Lop_high,T48,Carnobacteriaceae,Abundance,3,0,0
Lop_low,T48,Carnobacteriaceae,Abundance,3,0,0
Saline,T48,Carnobacteriaceae,Abundance,3,0,0
DMSO,T72,Carnobacteriaceae,Abundance,3,0,0
Imolope_high,T72,Carnobacteriaceae,Abundance,3,0,0
Imolope_low,T72,Carnobacteriaceae,Abundance,3,0,0
Lop_high,T72,Carnobacteriaceae,Abundance,3,0,0
Lop_low,T72,Carnobacteriaceae,Abundance,3,0,0
Saline,T72,Carnobacteriaceae,Abundance,3,0,0
DMSO,T0,Catabacteriaceae,Abundance,3,0.023,0.032
Imolope_high,T0,Catabacteriaceae,Abundance,3,0.021,0.009
Imolope_low,T0,Catabacteriaceae,Abundance,3,0.006,0.007
Lop_high,T0,Catabacteriaceae,Abundance,3,0.008,0.004
Lop_low,T0,Catabacteriaceae,Abundance,3,0.014,0.009
Saline,T0,Catabacteriaceae,Abundance,3,0.005,0.004
DMSO,T24,Catabacteriaceae,Abundance,3,0,0
Imolope_high,T24,Catabacteriaceae,Abundance,3,0,0
Imolope_low,T24,Catabacteriaceae,Abundance,3,0,0.001
Lop_high,T24,Catabacteriaceae,Abundance,3,0,0
Lop_low,T24,Catabacteriaceae,Abundance,3,0,0
Saline,T24,Catabacteriaceae,Abundance,3,0,0
DMSO,T48,Catabacteriaceae,Abundance,3,0,0
Imolope_high,T48,Catabacteriaceae,Abundance,3,0,0
Imolope_low,T48,Catabacteriaceae,Abundance,3,0,0
Lop_high,T48,Catabacteriaceae,Abundance,3,0,0
Lop_low,T48,Catabacteriaceae,Abundance,3,0,0
Saline,T48,Catabacteriaceae,Abundance,3,0,0
DMSO,T72,Catabacteriaceae,Abundance,3,0,0
Imolope_high,T72,Catabacteriaceae,Abundance,3,0,0
Imolope_low,T72,Catabacteriaceae,Abundance,3,0,0
Lop_high,T72,Catabacteriaceae,Abundance,3,0,0
Lop_low,T72,Catabacteriaceae,Abundance,3,0,0
Saline,T72,Catabacteriaceae,Abundance,3,0,0
DMSO,T0,Chitinophagaceae,Abundance,3,0.005,0.009
Imolope_high,T0,Chitinophagaceae,Abundance,3,0.002,0.004
Imolope_low,T0,Chitinophagaceae,Abundance,3,0.003,0.005
Lop_high,T0,Chitinophagaceae,Abundance,3,0.003,0.005
Lop_low,T0,Chitinophagaceae,Abundance,3,0.001,0.002
Saline,T0,Chitinophagaceae,Abundance,3,0.001,0.002
DMSO,T24,Chitinophagaceae,Abundance,3,0,0
Imolope_high,T24,Chitinophagaceae,Abundance,3,0,0
Imolope_low,T24,Chitinophagaceae,Abundance,3,0,0
Lop_high,T24,Chitinophagaceae,Abundance,3,0,0
Lop_low,T24,Chitinophagaceae,Abundance,3,0,0
Saline,T24,Chitinophagaceae,Abundance,3,0,0
DMSO,T48,Chitinophagaceae,Abundance,3,0,0
Imolope_high,T48,Chitinophagaceae,Abundance,3,0,0
Imolope_low,T48,Chitinophagaceae,Abundance,3,0,0
Lop_high,T48,Chitinophagaceae,Abundance,3,0,0
Lop_low,T48,Chitinophagaceae,Abundance,3,0,0
Saline,T48,Chitinophagaceae,Abundance,3,0,0
DMSO,T72,Chitinophagaceae,Abundance,3,0,0
Imolope_high,T72,Chitinophagaceae,Abundance,3,0,0
Imolope_low,T72,Chitinophagaceae,Abundance,3,0,0
Lop_high,T72,Chitinophagaceae,Abundance,3,0,0
Lop_low,T72,Chitinophagaceae,Abundance,3,0,0
Saline,T72,Chitinophagaceae,Abundance,3,0,0.001
DMSO,T0,Christensenellaceae,Abundance,3,0.021,0.015
Imolope_high,T0,Christensenellaceae,Abundance,3,0.01,0.011
Imolope_low,T0,Christensenellaceae,Abundance,3,0.016,0.007
Lop_high,T0,Christensenellaceae,Abundance,3,0.006,0.01
Lop_low,T0,Christensenellaceae,Abundance,3,0.007,0.007
Saline,T0,Christensenellaceae,Abundance,3,0.017,0.016
DMSO,T24,Christensenellaceae,Abundance,3,0,0
Imolope_high,T24,Christensenellaceae,Abundance,3,0,0
Imolope_low,T24,Christensenellaceae,Abundance,3,0,0
Lop_high,T24,Christensenellaceae,Abundance,3,0,0
Lop_low,T24,Christensenellaceae,Abundance,3,0,0
Saline,T24,Christensenellaceae,Abundance,3,0,0
DMSO,T48,Christensenellaceae,Abundance,3,0,0
Imolope_high,T48,Christensenellaceae,Abundance,3,0,0
Imolope_low,T48,Christensenellaceae,Abundance,3,0,0
Lop_high,T48,Christensenellaceae,Abundance,3,0,0
Lop_low,T48,Christensenellaceae,Abundance,3,0,0
Saline,T48,Christensenellaceae,Abundance,3,0,0
DMSO,T72,Christensenellaceae,Abundance,3,0,0
Imolope_high,T72,Christensenellaceae,Abundance,3,0,0
Imolope_low,T72,Christensenellaceae,Abundance,3,0,0
Lop_high,T72,Christensenellaceae,Abundance,3,0.012,0.021
Lop_low,T72,Christensenellaceae,Abundance,3,0,0.001
Saline,T72,Christensenellaceae,Abundance,3,0,0
DMSO,T0,Chromatiaceae,Abundance,3,0,0
Imolope_high,T0,Chromatiaceae,Abundance,3,0,0
Imolope_low,T0,Chromatiaceae,Abundance,3,2.556,4.426
Lop_high,T0,Chromatiaceae,Abundance,3,0,0
Lop_low,T0,Chromatiaceae,Abundance,3,0,0
Saline,T0,Chromatiaceae,Abundance,3,0,0
DMSO,T24,Chromatiaceae,Abundance,3,0,0
Imolope_high,T24,Chromatiaceae,Abundance,3,0,0
Imolope_low,T24,Chromatiaceae,Abundance,3,0,0
Lop_high,T24,Chromatiaceae,Abundance,3,0,0
Lop_low,T24,Chromatiaceae,Abundance,3,0,0
Saline,T24,Chromatiaceae,Abundance,3,0,0
DMSO,T48,Chromatiaceae,Abundance,3,0,0
Imolope_high,T48,Chromatiaceae,Abundance,3,0,0
Imolope_low,T48,Chromatiaceae,Abundance,3,0,0
Lop_high,T48,Chromatiaceae,Abundance,3,0,0
Lop_low,T48,Chromatiaceae,Abundance,3,0.001,0.001
Saline,T48,Chromatiaceae,Abundance,3,0,0
DMSO,T72,Chromatiaceae,Abundance,3,0,0
Imolope_high,T72,Chromatiaceae,Abundance,3,0,0
Imolope_low,T72,Chromatiaceae,Abundance,3,0,0
Lop_high,T72,Chromatiaceae,Abundance,3,0,0
Lop_low,T72,Chromatiaceae,Abundance,3,0,0
Saline,T72,Chromatiaceae,Abundance,3,0,0
DMSO,T0,Class_Bacilli,Abundance,3,0.111,0.079
Imolope_high,T0,Class_Bacilli,Abundance,3,0.081,0.02
Imolope_low,T0,Class_Bacilli,Abundance,3,0.107,0.034
Lop_high,T0,Class_Bacilli,Abundance,3,0.089,0.032
Lop_low,T0,Class_Bacilli,Abundance,3,0.102,0.037
Saline,T0,Class_Bacilli,Abundance,3,0.074,0.029
DMSO,T24,Class_Bacilli,Abundance,3,0,0
Imolope_high,T24,Class_Bacilli,Abundance,3,0,0
Imolope_low,T24,Class_Bacilli,Abundance,3,0,0
Lop_high,T24,Class_Bacilli,Abundance,3,0,0
Lop_low,T24,Class_Bacilli,Abundance,3,0,0
Saline,T24,Class_Bacilli,Abundance,3,0,0
DMSO,T48,Class_Bacilli,Abundance,3,0,0
Imolope_high,T48,Class_Bacilli,Abundance,3,0,0
Imolope_low,T48,Class_Bacilli,Abundance,3,0,0
Lop_high,T48,Class_Bacilli,Abundance,3,0,0
Lop_low,T48,Class_Bacilli,Abundance,3,0,0.001
Saline,T48,Class_Bacilli,Abundance,3,0,0
DMSO,T72,Class_Bacilli,Abundance,3,0.005,0.002
Imolope_high,T72,Class_Bacilli,Abundance,3,0.004,0.005
Imolope_low,T72,Class_Bacilli,Abundance,3,0.009,0.002
Lop_high,T72,Class_Bacilli,Abundance,3,0.005,0.002
Lop_low,T72,Class_Bacilli,Abundance,3,0.012,0.005
Saline,T72,Class_Bacilli,Abundance,3,0.008,0.008
DMSO,T0,Class_Betaproteobacteria,Abundance,3,0.017,0.017
Imolope_high,T0,Class_Betaproteobacteria,Abundance,3,0.004,0.004
Imolope_low,T0,Class_Betaproteobacteria,Abundance,3,0.012,0.001
Lop_high,T0,Class_Betaproteobacteria,Abundance,3,0.005,0.009
Lop_low,T0,Class_Betaproteobacteria,Abundance,3,0.007,0.005
Saline,T0,Class_Betaproteobacteria,Abundance,3,0.007,0.001
DMSO,T24,Class_Betaproteobacteria,Abundance,3,0,0
Imolope_high,T24,Class_Betaproteobacteria,Abundance,3,0,0
Imolope_low,T24,Class_Betaproteobacteria,Abundance,3,0,0
Lop_high,T24,Class_Betaproteobacteria,Abundance,3,0,0
Lop_low,T24,Class_Betaproteobacteria,Abundance,3,0,0
Saline,T24,Class_Betaproteobacteria,Abundance,3,0,0
DMSO,T48,Class_Betaproteobacteria,Abundance,3,0,0
Imolope_high,T48,Class_Betaproteobacteria,Abundance,3,0,0.001
Imolope_low,T48,Class_Betaproteobacteria,Abundance,3,0,0
Lop_high,T48,Class_Betaproteobacteria,Abundance,3,0,0
Lop_low,T48,Class_Betaproteobacteria,Abundance,3,0,0
Saline,T48,Class_Betaproteobacteria,Abundance,3,0,0
DMSO,T72,Class_Betaproteobacteria,Abundance,3,0,0
Imolope_high,T72,Class_Betaproteobacteria,Abundance,3,0,0.001
Imolope_low,T72,Class_Betaproteobacteria,Abundance,3,0,0
Lop_high,T72,Class_Betaproteobacteria,Abundance,3,0,0
Lop_low,T72,Class_Betaproteobacteria,Abundance,3,0,0
Saline,T72,Class_Betaproteobacteria,Abundance,3,0,0
DMSO,T0,Class_Clostridia,Abundance,3,0.007,0.006
Imolope_high,T0,Class_Clostridia,Abundance,3,0.027,0.01
Imolope_low,T0,Class_Clostridia,Abundance,3,0.003,0.005
Lop_high,T0,Class_Clostridia,Abundance,3,0,0
Lop_low,T0,Class_Clostridia,Abundance,3,0.014,0.015
Saline,T0,Class_Clostridia,Abundance,3,0.006,0.007
DMSO,T24,Class_Clostridia,Abundance,3,0,0
Imolope_high,T24,Class_Clostridia,Abundance,3,0,0
Imolope_low,T24,Class_Clostridia,Abundance,3,0,0
Lop_high,T24,Class_Clostridia,Abundance,3,0,0
Lop_low,T24,Class_Clostridia,Abundance,3,0,0
Saline,T24,Class_Clostridia,Abundance,3,0,0
DMSO,T48,Class_Clostridia,Abundance,3,0,0
Imolope_high,T48,Class_Clostridia,Abundance,3,0,0
Imolope_low,T48,Class_Clostridia,Abundance,3,0,0
Lop_high,T48,Class_Clostridia,Abundance,3,0,0
Lop_low,T48,Class_Clostridia,Abundance,3,0,0
Saline,T48,Class_Clostridia,Abundance,3,0,0
DMSO,T72,Class_Clostridia,Abundance,3,0,0
Imolope_high,T72,Class_Clostridia,Abundance,3,0,0
Imolope_low,T72,Class_Clostridia,Abundance,3,0,0
Lop_high,T72,Class_Clostridia,Abundance,3,0,0
Lop_low,T72,Class_Clostridia,Abundance,3,0,0
Saline,T72,Class_Clostridia,Abundance,3,0,0
DMSO,T0,Class_Coriobacteriia,Abundance,3,0.02,0.01
Imolope_high,T0,Class_Coriobacteriia,Abundance,3,0.038,0.037
Imolope_low,T0,Class_Coriobacteriia,Abundance,3,0.043,0.032
Lop_high,T0,Class_Coriobacteriia,Abundance,3,0.034,0.039
Lop_low,T0,Class_Coriobacteriia,Abundance,3,0.042,0.039
Saline,T0,Class_Coriobacteriia,Abundance,3,0.053,0.04
DMSO,T24,Class_Coriobacteriia,Abundance,3,0,0
Imolope_high,T24,Class_Coriobacteriia,Abundance,3,0,0.001
Imolope_low,T24,Class_Coriobacteriia,Abundance,3,0,0
Lop_high,T24,Class_Coriobacteriia,Abundance,3,0,0
Lop_low,T24,Class_Coriobacteriia,Abundance,3,0,0
Saline,T24,Class_Coriobacteriia,Abundance,3,0,0
DMSO,T48,Class_Coriobacteriia,Abundance,3,0,0
Imolope_high,T48,Class_Coriobacteriia,Abundance,3,0,0.001
Imolope_low,T48,Class_Coriobacteriia,Abundance,3,0,0
Lop_high,T48,Class_Coriobacteriia,Abundance,3,0.001,0.001
Lop_low,T48,Class_Coriobacteriia,Abundance,3,0,0
Saline,T48,Class_Coriobacteriia,Abundance,3,0,0
DMSO,T72,Class_Coriobacteriia,Abundance,3,0,0
Imolope_high,T72,Class_Coriobacteriia,Abundance,3,0,0
Imolope_low,T72,Class_Coriobacteriia,Abundance,3,0,0
Lop_high,T72,Class_Coriobacteriia,Abundance,3,0,0
Lop_low,T72,Class_Coriobacteriia,Abundance,3,0,0
Saline,T72,Class_Coriobacteriia,Abundance,3,0,0
DMSO,T0,Class_Deltaproteobacteria,Abundance,3,0.009,0.008
Imolope_high,T0,Class_Deltaproteobacteria,Abundance,3,0.016,0.008
Imolope_low,T0,Class_Deltaproteobacteria,Abundance,3,0.007,0.006
Lop_high,T0,Class_Deltaproteobacteria,Abundance,3,0.021,0.01
Lop_low,T0,Class_Deltaproteobacteria,Abundance,3,0.009,0.012
Saline,T0,Class_Deltaproteobacteria,Abundance,3,0.012,0.004
DMSO,T24,Class_Deltaproteobacteria,Abundance,3,0,0
Imolope_high,T24,Class_Deltaproteobacteria,Abundance,3,0,0
Imolope_low,T24,Class_Deltaproteobacteria,Abundance,3,0,0
Lop_high,T24,Class_Deltaproteobacteria,Abundance,3,0,0
Lop_low,T24,Class_Deltaproteobacteria,Abundance,3,0,0
Saline,T24,Class_Deltaproteobacteria,Abundance,3,0,0
DMSO,T48,Class_Deltaproteobacteria,Abundance,3,0,0
Imolope_high,T48,Class_Deltaproteobacteria,Abundance,3,0,0
Imolope_low,T48,Class_Deltaproteobacteria,Abundance,3,0,0
Lop_high,T48,Class_Deltaproteobacteria,Abundance,3,0,0
Lop_low,T48,Class_Deltaproteobacteria,Abundance,3,0,0
Saline,T48,Class_Deltaproteobacteria,Abundance,3,0,0
DMSO,T72,Class_Deltaproteobacteria,Abundance,3,0,0
Imolope_high,T72,Class_Deltaproteobacteria,Abundance,3,0,0
Imolope_low,T72,Class_Deltaproteobacteria,Abundance,3,0,0
Lop_high,T72,Class_Deltaproteobacteria,Abundance,3,0,0
Lop_low,T72,Class_Deltaproteobacteria,Abundance,3,0,0
Saline,T72,Class_Deltaproteobacteria,Abundance,3,0,0
DMSO,T0,Comamonadaceae,Abundance,3,0.044,0.069
Imolope_high,T0,Comamonadaceae,Abundance,3,0.013,0.011
Imolope_low,T0,Comamonadaceae,Abundance,3,0.02,0.01
Lop_high,T0,Comamonadaceae,Abundance,3,0.011,0.014
Lop_low,T0,Comamonadaceae,Abundance,3,0.018,0.021
Saline,T0,Comamonadaceae,Abundance,3,0.031,0.038
DMSO,T24,Comamonadaceae,Abundance,3,0,0
Imolope_high,T24,Comamonadaceae,Abundance,3,0,0
Imolope_low,T24,Comamonadaceae,Abundance,3,0,0
Lop_high,T24,Comamonadaceae,Abundance,3,0,0
Lop_low,T24,Comamonadaceae,Abundance,3,0,0
Saline,T24,Comamonadaceae,Abundance,3,0,0
DMSO,T48,Comamonadaceae,Abundance,3,0,0
Imolope_high,T48,Comamonadaceae,Abundance,3,0,0
Imolope_low,T48,Comamonadaceae,Abundance,3,0,0
Lop_high,T48,Comamonadaceae,Abundance,3,0,0
Lop_low,T48,Comamonadaceae,Abundance,3,0,0
Saline,T48,Comamonadaceae,Abundance,3,0,0.001
DMSO,T72,Comamonadaceae,Abundance,3,0,0.001
Imolope_high,T72,Comamonadaceae,Abundance,3,0,0
Imolope_low,T72,Comamonadaceae,Abundance,3,0,0
Lop_high,T72,Comamonadaceae,Abundance,3,0,0
Lop_low,T72,Comamonadaceae,Abundance,3,0,0
Saline,T72,Comamonadaceae,Abundance,3,0,0.001
DMSO,T0,Coriobacteriaceae,Abundance,3,0.001,0.002
Imolope_high,T0,Coriobacteriaceae,Abundance,3,0,0
Imolope_low,T0,Coriobacteriaceae,Abundance,3,0,0
Lop_high,T0,Coriobacteriaceae,Abundance,3,0.002,0.003
Lop_low,T0,Coriobacteriaceae,Abundance,3,0,0
Saline,T0,Coriobacteriaceae,Abundance,3,0,0
DMSO,T24,Coriobacteriaceae,Abundance,3,0,0
Imolope_high,T24,Coriobacteriaceae,Abundance,3,0,0.001
Imolope_low,T24,Coriobacteriaceae,Abundance,3,0,0
Lop_high,T24,Coriobacteriaceae,Abundance,3,0,0.001
Lop_low,T24,Coriobacteriaceae,Abundance,3,0.001,0.001
Saline,T24,Coriobacteriaceae,Abundance,3,0,0.001
DMSO,T48,Coriobacteriaceae,Abundance,3,0,0
Imolope_high,T48,Coriobacteriaceae,Abundance,3,0,0
Imolope_low,T48,Coriobacteriaceae,Abundance,3,0,0.001
Lop_high,T48,Coriobacteriaceae,Abundance,3,0,0
Lop_low,T48,Coriobacteriaceae,Abundance,3,0,0
Saline,T48,Coriobacteriaceae,Abundance,3,0,0
DMSO,T72,Coriobacteriaceae,Abundance,3,0,0
Imolope_high,T72,Coriobacteriaceae,Abundance,3,0,0
Imolope_low,T72,Coriobacteriaceae,Abundance,3,0,0
Lop_high,T72,Coriobacteriaceae,Abundance,3,0,0
Lop_low,T72,Coriobacteriaceae,Abundance,3,0,0
Saline,T72,Coriobacteriaceae,Abundance,3,0,0
DMSO,T0,Deinococcaceae,Abundance,3,0,0
Imolope_high,T0,Deinococcaceae,Abundance,3,0,0
Imolope_low,T0,Deinococcaceae,Abundance,3,0.001,0.003
Lop_high,T0,Deinococcaceae,Abundance,3,0.011,0.019
Lop_low,T0,Deinococcaceae,Abundance,3,0,0
Saline,T0,Deinococcaceae,Abundance,3,0,0
DMSO,T24,Deinococcaceae,Abundance,3,0,0
Imolope_high,T24,Deinococcaceae,Abundance,3,0,0
Imolope_low,T24,Deinococcaceae,Abundance,3,0,0
Lop_high,T24,Deinococcaceae,Abundance,3,0,0
Lop_low,T24,Deinococcaceae,Abundance,3,0,0
Saline,T24,Deinococcaceae,Abundance,3,0,0
DMSO,T48,Deinococcaceae,Abundance,3,0,0
Imolope_high,T48,Deinococcaceae,Abundance,3,0,0
Imolope_low,T48,Deinococcaceae,Abundance,3,0,0
Lop_high,T48,Deinococcaceae,Abundance,3,0,0
Lop_low,T48,Deinococcaceae,Abundance,3,0,0
Saline,T48,Deinococcaceae,Abundance,3,0,0
DMSO,T72,Deinococcaceae,Abundance,3,0,0
Imolope_high,T72,Deinococcaceae,Abundance,3,0,0
Imolope_low,T72,Deinococcaceae,Abundance,3,0,0
Lop_high,T72,Deinococcaceae,Abundance,3,0,0
Lop_low,T72,Deinococcaceae,Abundance,3,0,0
Saline,T72,Deinococcaceae,Abundance,3,0,0
DMSO,T0,Desulfovibrionaceae,Abundance,3,0.452,0.191
Imolope_high,T0,Desulfovibrionaceae,Abundance,3,0.452,0.036
Imolope_low,T0,Desulfovibrionaceae,Abundance,3,0.445,0.086
Lop_high,T0,Desulfovibrionaceae,Abundance,3,0.506,0.163
Lop_low,T0,Desulfovibrionaceae,Abundance,3,0.486,0.051
Saline,T0,Desulfovibrionaceae,Abundance,3,0.38,0.047
DMSO,T24,Desulfovibrionaceae,Abundance,3,0.001,0
Imolope_high,T24,Desulfovibrionaceae,Abundance,3,0.001,0.001
Imolope_low,T24,Desulfovibrionaceae,Abundance,3,0.001,0.002
Lop_high,T24,Desulfovibrionaceae,Abundance,3,0.001,0.002
Lop_low,T24,Desulfovibrionaceae,Abundance,3,0.003,0.001
Saline,T24,Desulfovibrionaceae,Abundance,3,0,0.001
DMSO,T48,Desulfovibrionaceae,Abundance,3,0.023,0.01
Imolope_high,T48,Desulfovibrionaceae,Abundance,3,0.013,0.005
Imolope_low,T48,Desulfovibrionaceae,Abundance,3,0.018,0.006
Lop_high,T48,Desulfovibrionaceae,Abundance,3,0.077,0.013
Lop_low,T48,Desulfovibrionaceae,Abundance,3,0.035,0.007
Saline,T48,Desulfovibrionaceae,Abundance,3,0.06,0.027
DMSO,T72,Desulfovibrionaceae,Abundance,3,0.37,0.059
Imolope_high,T72,Desulfovibrionaceae,Abundance,3,0.217,0.015
Imolope_low,T72,Desulfovibrionaceae,Abundance,3,0.262,0.025
Lop_high,T72,Desulfovibrionaceae,Abundance,3,0.767,0.02
Lop_low,T72,Desulfovibrionaceae,Abundance,3,0.383,0.066
Saline,T72,Desulfovibrionaceae,Abundance,3,0.612,0.067
DMSO,T0,Eggerthellaceae,Abundance,3,1.083,0.344
Imolope_high,T0,Eggerthellaceae,Abundance,3,1.443,0.173
Imolope_low,T0,Eggerthellaceae,Abundance,3,1.032,0.113
Lop_high,T0,Eggerthellaceae,Abundance,3,0.873,0.281
Lop_low,T0,Eggerthellaceae,Abundance,3,1.164,0.256
Saline,T0,Eggerthellaceae,Abundance,3,1.329,0.175
DMSO,T24,Eggerthellaceae,Abundance,3,0.027,0.029
Imolope_high,T24,Eggerthellaceae,Abundance,3,0.017,0.007
Imolope_low,T24,Eggerthellaceae,Abundance,3,0.035,0.022
Lop_high,T24,Eggerthellaceae,Abundance,3,0.021,0.017
Lop_low,T24,Eggerthellaceae,Abundance,3,0.013,0.003
Saline,T24,Eggerthellaceae,Abundance,3,0.064,0.02
DMSO,T48,Eggerthellaceae,Abundance,3,0.026,0.013
Imolope_high,T48,Eggerthellaceae,Abundance,3,0.019,0.007
Imolope_low,T48,Eggerthellaceae,Abundance,3,0.035,0.009
Lop_high,T48,Eggerthellaceae,Abundance,3,0.066,0.021
Lop_low,T48,Eggerthellaceae,Abundance,3,0.042,0.02
Saline,T48,Eggerthellaceae,Abundance,3,0.077,0.013
DMSO,T72,Eggerthellaceae,Abundance,3,0.049,0.011
Imolope_high,T72,Eggerthellaceae,Abundance,3,0.043,0.008
Imolope_low,T72,Eggerthellaceae,Abundance,3,0.039,0.012
Lop_high,T72,Eggerthellaceae,Abundance,3,0.066,0.035
Lop_low,T72,Eggerthellaceae,Abundance,3,0.044,0.002
Saline,T72,Eggerthellaceae,Abundance,3,0.223,0.285
DMSO,T0,Enterobacteriaceae,Abundance,3,4.563,6.087
Imolope_high,T0,Enterobacteriaceae,Abundance,3,0.596,0.442
Imolope_low,T0,Enterobacteriaceae,Abundance,3,0.437,0.424
Lop_high,T0,Enterobacteriaceae,Abundance,3,1.029,0.697
Lop_low,T0,Enterobacteriaceae,Abundance,3,0.869,0.978
Saline,T0,Enterobacteriaceae,Abundance,3,0.211,0.112
DMSO,T24,Enterobacteriaceae,Abundance,3,30.16,12.132
Imolope_high,T24,Enterobacteriaceae,Abundance,3,35.725,9.075
Imolope_low,T24,Enterobacteriaceae,Abundance,3,41.826,0.318
Lop_high,T24,Enterobacteriaceae,Abundance,3,45.659,6.861
Lop_low,T24,Enterobacteriaceae,Abundance,3,37.208,11.488
Saline,T24,Enterobacteriaceae,Abundance,3,40.055,1.353
DMSO,T48,Enterobacteriaceae,Abundance,3,43.542,1.14
Imolope_high,T48,Enterobacteriaceae,Abundance,3,43.748,1.207
Imolope_low,T48,Enterobacteriaceae,Abundance,3,40.353,0.878
Lop_high,T48,Enterobacteriaceae,Abundance,3,53.61,4.956
Lop_low,T48,Enterobacteriaceae,Abundance,3,45.516,2.119
Saline,T48,Enterobacteriaceae,Abundance,3,33.968,9.73
DMSO,T72,Enterobacteriaceae,Abundance,3,44.713,2.959
Imolope_high,T72,Enterobacteriaceae,Abundance,3,46.348,1.866
Imolope_low,T72,Enterobacteriaceae,Abundance,3,41.508,2.594
Lop_high,T72,Enterobacteriaceae,Abundance,3,51.225,0.987
Lop_low,T72,Enterobacteriaceae,Abundance,3,44.836,5.77
Saline,T72,Enterobacteriaceae,Abundance,3,37.403,2.356
DMSO,T0,Enterococcaceae,Abundance,3,0.018,0.009
Imolope_high,T0,Enterococcaceae,Abundance,3,0.014,0.009
Imolope_low,T0,Enterococcaceae,Abundance,3,0.013,0.007
Lop_high,T0,Enterococcaceae,Abundance,3,0.011,0.008
Lop_low,T0,Enterococcaceae,Abundance,3,0.033,0.022
Saline,T0,Enterococcaceae,Abundance,3,0.02,0.014
DMSO,T24,Enterococcaceae,Abundance,3,3.036,1.297
Imolope_high,T24,Enterococcaceae,Abundance,3,3.721,1.095
Imolope_low,T24,Enterococcaceae,Abundance,3,2.701,0.269
Lop_high,T24,Enterococcaceae,Abundance,3,2.58,0.494
Lop_low,T24,Enterococcaceae,Abundance,3,2.852,0.894
Saline,T24,Enterococcaceae,Abundance,3,1.995,0.21
DMSO,T48,Enterococcaceae,Abundance,3,3.67,0.51
Imolope_high,T48,Enterococcaceae,Abundance,3,3.83,0.311
Imolope_low,T48,Enterococcaceae,Abundance,3,4.805,0.545
Lop_high,T48,Enterococcaceae,Abundance,3,3.92,0.726
Lop_low,T48,Enterococcaceae,Abundance,3,3.909,0.173
Saline,T48,Enterococcaceae,Abundance,3,4.193,0.974
DMSO,T72,Enterococcaceae,Abundance,3,3.392,0.436
Imolope_high,T72,Enterococcaceae,Abundance,3,3.595,0.343
Imolope_low,T72,Enterococcaceae,Abundance,3,3.751,0.253
Lop_high,T72,Enterococcaceae,Abundance,3,3.001,0.459
Lop_low,T72,Enterococcaceae,Abundance,3,3.259,0.288
Saline,T72,Enterococcaceae,Abundance,3,5.429,3.179
DMSO,T0,Erysipelotrichaceae,Abundance,3,0.688,0.127
Imolope_high,T0,Erysipelotrichaceae,Abundance,3,0.712,0.072
Imolope_low,T0,Erysipelotrichaceae,Abundance,3,0.448,0.125
Lop_high,T0,Erysipelotrichaceae,Abundance,3,0.589,0.075
Lop_low,T0,Erysipelotrichaceae,Abundance,3,0.531,0.091
Saline,T0,Erysipelotrichaceae,Abundance,3,0.472,0.066
DMSO,T24,Erysipelotrichaceae,Abundance,3,0.048,0.022
Imolope_high,T24,Erysipelotrichaceae,Abundance,3,0.054,0.032
Imolope_low,T24,Erysipelotrichaceae,Abundance,3,0.068,0.007
Lop_high,T24,Erysipelotrichaceae,Abundance,3,0.094,0.023
Lop_low,T24,Erysipelotrichaceae,Abundance,3,0.053,0.022
Saline,T24,Erysipelotrichaceae,Abundance,3,0.081,0.01
DMSO,T48,Erysipelotrichaceae,Abundance,3,0.165,0.026
Imolope_high,T48,Erysipelotrichaceae,Abundance,3,0.105,0.026
Imolope_low,T48,Erysipelotrichaceae,Abundance,3,0.18,0.05
Lop_high,T48,Erysipelotrichaceae,Abundance,3,0.291,0.089
Lop_low,T48,Erysipelotrichaceae,Abundance,3,0.181,0.025
Saline,T48,Erysipelotrichaceae,Abundance,3,0.274,0.071
DMSO,T72,Erysipelotrichaceae,Abundance,3,0.288,0.012
Imolope_high,T72,Erysipelotrichaceae,Abundance,3,0.198,0.042
Imolope_low,T72,Erysipelotrichaceae,Abundance,3,0.322,0.07
Lop_high,T72,Erysipelotrichaceae,Abundance,3,0.32,0.072
Lop_low,T72,Erysipelotrichaceae,Abundance,3,0.255,0.031
Saline,T72,Erysipelotrichaceae,Abundance,3,0.357,0.08
DMSO,T0,Eubacteriaceae,Abundance,3,0.023,0.022
Imolope_high,T0,Eubacteriaceae,Abundance,3,0.027,0.03
Imolope_low,T0,Eubacteriaceae,Abundance,3,0.011,0.013
Lop_high,T0,Eubacteriaceae,Abundance,3,0.009,0.011
Lop_low,T0,Eubacteriaceae,Abundance,3,0.019,0.022
Saline,T0,Eubacteriaceae,Abundance,3,0.016,0.015
DMSO,T24,Eubacteriaceae,Abundance,3,0,0
Imolope_high,T24,Eubacteriaceae,Abundance,3,0,0
Imolope_low,T24,Eubacteriaceae,Abundance,3,0,0
Lop_high,T24,Eubacteriaceae,Abundance,3,0,0
Lop_low,T24,Eubacteriaceae,Abundance,3,0,0
Saline,T24,Eubacteriaceae,Abundance,3,0,0
DMSO,T48,Eubacteriaceae,Abundance,3,0,0
Imolope_high,T48,Eubacteriaceae,Abundance,3,0,0
Imolope_low,T48,Eubacteriaceae,Abundance,3,0,0
Lop_high,T48,Eubacteriaceae,Abundance,3,0,0
Lop_low,T48,Eubacteriaceae,Abundance,3,0,0
Saline,T48,Eubacteriaceae,Abundance,3,0,0
DMSO,T72,Eubacteriaceae,Abundance,3,0,0
Imolope_high,T72,Eubacteriaceae,Abundance,3,0,0
Imolope_low,T72,Eubacteriaceae,Abundance,3,0,0
Lop_high,T72,Eubacteriaceae,Abundance,3,0,0
Lop_low,T72,Eubacteriaceae,Abundance,3,0,0
Saline,T72,Eubacteriaceae,Abundance,3,0,0
DMSO,T0,Flavobacteriaceae,Abundance,3,0,0
Imolope_high,T0,Flavobacteriaceae,Abundance,3,0,0
Imolope_low,T0,Flavobacteriaceae,Abundance,3,0.009,0.015
Lop_high,T0,Flavobacteriaceae,Abundance,3,0,0
Lop_low,T0,Flavobacteriaceae,Abundance,3,0,0
Saline,T0,Flavobacteriaceae,Abundance,3,0,0
DMSO,T24,Flavobacteriaceae,Abundance,3,0,0
Imolope_high,T24,Flavobacteriaceae,Abundance,3,0,0
Imolope_low,T24,Flavobacteriaceae,Abundance,3,0,0
Lop_high,T24,Flavobacteriaceae,Abundance,3,0,0
Lop_low,T24,Flavobacteriaceae,Abundance,3,0,0
Saline,T24,Flavobacteriaceae,Abundance,3,0,0
DMSO,T48,Flavobacteriaceae,Abundance,3,0,0
Imolope_high,T48,Flavobacteriaceae,Abundance,3,0,0
Imolope_low,T48,Flavobacteriaceae,Abundance,3,0,0
Lop_high,T48,Flavobacteriaceae,Abundance,3,0,0
Lop_low,T48,Flavobacteriaceae,Abundance,3,0,0
Saline,T48,Flavobacteriaceae,Abundance,3,0,0
DMSO,T72,Flavobacteriaceae,Abundance,3,0,0
Imolope_high,T72,Flavobacteriaceae,Abundance,3,0,0
Imolope_low,T72,Flavobacteriaceae,Abundance,3,0,0
Lop_high,T72,Flavobacteriaceae,Abundance,3,0,0
Lop_low,T72,Flavobacteriaceae,Abundance,3,0,0
Saline,T72,Flavobacteriaceae,Abundance,3,0,0
DMSO,T0,Labilitrichaceae,Abundance,3,0.014,0.021
Imolope_high,T0,Labilitrichaceae,Abundance,3,0,0
Imolope_low,T0,Labilitrichaceae,Abundance,3,0,0
Lop_high,T0,Labilitrichaceae,Abundance,3,0,0
Lop_low,T0,Labilitrichaceae,Abundance,3,0.001,0.003
Saline,T0,Labilitrichaceae,Abundance,3,0.001,0.002
DMSO,T24,Labilitrichaceae,Abundance,3,0,0
Imolope_high,T24,Labilitrichaceae,Abundance,3,0,0
Imolope_low,T24,Labilitrichaceae,Abundance,3,0,0
Lop_high,T24,Labilitrichaceae,Abundance,3,0,0
Lop_low,T24,Labilitrichaceae,Abundance,3,0,0
Saline,T24,Labilitrichaceae,Abundance,3,0,0
DMSO,T48,Labilitrichaceae,Abundance,3,0,0
Imolope_high,T48,Labilitrichaceae,Abundance,3,0,0
Imolope_low,T48,Labilitrichaceae,Abundance,3,0,0
Lop_high,T48,Labilitrichaceae,Abundance,3,0,0
Lop_low,T48,Labilitrichaceae,Abundance,3,0,0
Saline,T48,Labilitrichaceae,Abundance,3,0,0
DMSO,T72,Labilitrichaceae,Abundance,3,0,0
Imolope_high,T72,Labilitrichaceae,Abundance,3,0,0
Imolope_low,T72,Labilitrichaceae,Abundance,3,0,0
Lop_high,T72,Labilitrichaceae,Abundance,3,0,0
Lop_low,T72,Labilitrichaceae,Abundance,3,0,0
Saline,T72,Labilitrichaceae,Abundance,3,0,0
DMSO,T0,Lachnospiraceae,Abundance,3,9.669,1.497
Imolope_high,T0,Lachnospiraceae,Abundance,3,11.26,0.294
Imolope_low,T0,Lachnospiraceae,Abundance,3,8.431,0.877
Lop_high,T0,Lachnospiraceae,Abundance,3,10.054,1.768
Lop_low,T0,Lachnospiraceae,Abundance,3,10.53,1.918
Saline,T0,Lachnospiraceae,Abundance,3,9.345,1.198
DMSO,T24,Lachnospiraceae,Abundance,3,0.005,0.004
Imolope_high,T24,Lachnospiraceae,Abundance,3,0.006,0.01
Imolope_low,T24,Lachnospiraceae,Abundance,3,0.003,0.001
Lop_high,T24,Lachnospiraceae,Abundance,3,0.01,0.013
Lop_low,T24,Lachnospiraceae,Abundance,3,0.021,0.023
Saline,T24,Lachnospiraceae,Abundance,3,0.005,0.002
DMSO,T48,Lachnospiraceae,Abundance,3,0.027,0.022
Imolope_high,T48,Lachnospiraceae,Abundance,3,0.008,0.007
Imolope_low,T48,Lachnospiraceae,Abundance,3,0.02,0.013
Lop_high,T48,Lachnospiraceae,Abundance,3,0.027,0.008
Lop_low,T48,Lachnospiraceae,Abundance,3,0.084,0.094
Saline,T48,Lachnospiraceae,Abundance,3,0.09,0.064
DMSO,T72,Lachnospiraceae,Abundance,3,2.902,3.765
Imolope_high,T72,Lachnospiraceae,Abundance,3,0.873,1.172
Imolope_low,T72,Lachnospiraceae,Abundance,3,4.516,2.242
Lop_high,T72,Lachnospiraceae,Abundance,3,4.256,3.43
Lop_low,T72,Lachnospiraceae,Abundance,3,5.969,2.591
Saline,T72,Lachnospiraceae,Abundance,3,6.933,2.58
DMSO,T0,Lactobacillaceae,Abundance,3,55.915,1.418
Imolope_high,T0,Lactobacillaceae,Abundance,3,57.795,2.092
Imolope_low,T0,Lactobacillaceae,Abundance,3,62.414,0.411
Lop_high,T0,Lactobacillaceae,Abundance,3,60.78,7.686
Lop_low,T0,Lactobacillaceae,Abundance,3,59.328,4.989
Saline,T0,Lactobacillaceae,Abundance,3,65.981,3.183
DMSO,T24,Lactobacillaceae,Abundance,3,52.828,17.273
Imolope_high,T24,Lactobacillaceae,Abundance,3,44.721,12.967
Imolope_low,T24,Lactobacillaceae,Abundance,3,29.395,3.436
Lop_high,T24,Lactobacillaceae,Abundance,3,34.522,10.407
Lop_low,T24,Lactobacillaceae,Abundance,3,38.116,16.1
Saline,T24,Lactobacillaceae,Abundance,3,31.602,1.638
DMSO,T48,Lactobacillaceae,Abundance,3,26.492,1.708
Imolope_high,T48,Lactobacillaceae,Abundance,3,21.312,1.833
Imolope_low,T48,Lactobacillaceae,Abundance,3,21.971,1.678
Lop_high,T48,Lactobacillaceae,Abundance,3,15.67,1.484
Lop_low,T48,Lactobacillaceae,Abundance,3,20.784,2.67
Saline,T48,Lactobacillaceae,Abundance,3,27.243,4.468
DMSO,T72,Lactobacillaceae,Abundance,3,15.744,1.939
Imolope_high,T72,Lactobacillaceae,Abundance,3,12.701,0.911
Imolope_low,T72,Lactobacillaceae,Abundance,3,13.571,0.883
Lop_high,T72,Lactobacillaceae,Abundance,3,5.729,1.497
Lop_low,T72,Lactobacillaceae,Abundance,3,12.355,0.766
Saline,T72,Lactobacillaceae,Abundance,3,16.789,4.487
DMSO,T0,Listeriaceae,Abundance,3,0,0
Imolope_high,T0,Listeriaceae,Abundance,3,0,0
Imolope_low,T0,Listeriaceae,Abundance,3,0,0
Lop_high,T0,Listeriaceae,Abundance,3,0,0
Lop_low,T0,Listeriaceae,Abundance,3,0.004,0.007
Saline,T0,Listeriaceae,Abundance,3,0,0
DMSO,T24,Listeriaceae,Abundance,3,0,0.001
Imolope_high,T24,Listeriaceae,Abundance,3,0.001,0.002
Imolope_low,T24,Listeriaceae,Abundance,3,0.001,0.001
Lop_high,T24,Listeriaceae,Abundance,3,0.001,0.002
Lop_low,T24,Listeriaceae,Abundance,3,0,0
Saline,T24,Listeriaceae,Abundance,3,0.001,0.001
DMSO,T48,Listeriaceae,Abundance,3,0,0
Imolope_high,T48,Listeriaceae,Abundance,3,0,0.001
Imolope_low,T48,Listeriaceae,Abundance,3,0,0
Lop_high,T48,Listeriaceae,Abundance,3,0,0
Lop_low,T48,Listeriaceae,Abundance,3,0,0
Saline,T48,Listeriaceae,Abundance,3,0,0
DMSO,T72,Listeriaceae,Abundance,3,0.001,0.001
Imolope_high,T72,Listeriaceae,Abundance,3,0,0
Imolope_low,T72,Listeriaceae,Abundance,3,0,0
Lop_high,T72,Listeriaceae,Abundance,3,0,0
Lop_low,T72,Listeriaceae,Abundance,3,0,0
Saline,T72,Listeriaceae,Abundance,3,0,0.001
DMSO,T0,Methylobacteriaceae,Abundance,3,0.007,0.009
Imolope_high,T0,Methylobacteriaceae,Abundance,3,0,0
Imolope_low,T0,Methylobacteriaceae,Abundance,3,0.005,0.009
Lop_high,T0,Methylobacteriaceae,Abundance,3,0,0
Lop_low,T0,Methylobacteriaceae,Abundance,3,0.008,0.014
Saline,T0,Methylobacteriaceae,Abundance,3,0.004,0.007
DMSO,T24,Methylobacteriaceae,Abundance,3,0,0
Imolope_high,T24,Methylobacteriaceae,Abundance,3,0,0
Imolope_low,T24,Methylobacteriaceae,Abundance,3,0,0
Lop_high,T24,Methylobacteriaceae,Abundance,3,0,0
Lop_low,T24,Methylobacteriaceae,Abundance,3,0,0
Saline,T24,Methylobacteriaceae,Abundance,3,0,0
DMSO,T48,Methylobacteriaceae,Abundance,3,0,0
Imolope_high,T48,Methylobacteriaceae,Abundance,3,0,0
Imolope_low,T48,Methylobacteriaceae,Abundance,3,0,0
Lop_high,T48,Methylobacteriaceae,Abundance,3,0,0
Lop_low,T48,Methylobacteriaceae,Abundance,3,0,0
Saline,T48,Methylobacteriaceae,Abundance,3,0,0
DMSO,T72,Methylobacteriaceae,Abundance,3,0,0
Imolope_high,T72,Methylobacteriaceae,Abundance,3,0,0
Imolope_low,T72,Methylobacteriaceae,Abundance,3,0,0
Lop_high,T72,Methylobacteriaceae,Abundance,3,0,0
Lop_low,T72,Methylobacteriaceae,Abundance,3,0,0.001
Saline,T72,Methylobacteriaceae,Abundance,3,0,0
DMSO,T0,Micrococcaceae,Abundance,3,0,0
Imolope_high,T0,Micrococcaceae,Abundance,3,0,0
Imolope_low,T0,Micrococcaceae,Abundance,3,0,0
Lop_high,T0,Micrococcaceae,Abundance,3,0.002,0.003
Lop_low,T0,Micrococcaceae,Abundance,3,0.042,0.072
Saline,T0,Micrococcaceae,Abundance,3,0,0
DMSO,T24,Micrococcaceae,Abundance,3,0,0
Imolope_high,T24,Micrococcaceae,Abundance,3,0,0
Imolope_low,T24,Micrococcaceae,Abundance,3,0,0
Lop_high,T24,Micrococcaceae,Abundance,3,0,0
Lop_low,T24,Micrococcaceae,Abundance,3,0,0
Saline,T24,Micrococcaceae,Abundance,3,0,0
DMSO,T48,Micrococcaceae,Abundance,3,0,0
Imolope_high,T48,Micrococcaceae,Abundance,3,0,0
Imolope_low,T48,Micrococcaceae,Abundance,3,0,0
Lop_high,T48,Micrococcaceae,Abundance,3,0,0
Lop_low,T48,Micrococcaceae,Abundance,3,0,0
Saline,T48,Micrococcaceae,Abundance,3,0,0
DMSO,T72,Micrococcaceae,Abundance,3,0,0
Imolope_high,T72,Micrococcaceae,Abundance,3,0,0
Imolope_low,T72,Micrococcaceae,Abundance,3,0,0
Lop_high,T72,Micrococcaceae,Abundance,3,0,0
Lop_low,T72,Micrococcaceae,Abundance,3,0,0
Saline,T72,Micrococcaceae,Abundance,3,0,0
DMSO,T0,Micropepsaceae,Abundance,3,0,0
Imolope_high,T0,Micropepsaceae,Abundance,3,0,0
Imolope_low,T0,Micropepsaceae,Abundance,3,0.006,0.006
Lop_high,T0,Micropepsaceae,Abundance,3,0.002,0.003
Lop_low,T0,Micropepsaceae,Abundance,3,0.004,0.008
Saline,T0,Micropepsaceae,Abundance,3,0,0
DMSO,T24,Micropepsaceae,Abundance,3,0,0
Imolope_high,T24,Micropepsaceae,Abundance,3,0,0
Imolope_low,T24,Micropepsaceae,Abundance,3,0,0
Lop_high,T24,Micropepsaceae,Abundance,3,0,0
Lop_low,T24,Micropepsaceae,Abundance,3,0,0
Saline,T24,Micropepsaceae,Abundance,3,0,0
DMSO,T48,Micropepsaceae,Abundance,3,0,0
Imolope_high,T48,Micropepsaceae,Abundance,3,0,0
Imolope_low,T48,Micropepsaceae,Abundance,3,0,0
Lop_high,T48,Micropepsaceae,Abundance,3,0,0
Lop_low,T48,Micropepsaceae,Abundance,3,0,0
Saline,T48,Micropepsaceae,Abundance,3,0,0
DMSO,T72,Micropepsaceae,Abundance,3,0,0
Imolope_high,T72,Micropepsaceae,Abundance,3,0,0
Imolope_low,T72,Micropepsaceae,Abundance,3,0,0
Lop_high,T72,Micropepsaceae,Abundance,3,0,0
Lop_low,T72,Micropepsaceae,Abundance,3,0,0
Saline,T72,Micropepsaceae,Abundance,3,0,0
DMSO,T0,Moraxellaceae,Abundance,3,0,0
Imolope_high,T0,Moraxellaceae,Abundance,3,0.009,0.009
Imolope_low,T0,Moraxellaceae,Abundance,3,0.427,0.66
Lop_high,T0,Moraxellaceae,Abundance,3,0.003,0.003
Lop_low,T0,Moraxellaceae,Abundance,3,0.01,0.008
Saline,T0,Moraxellaceae,Abundance,3,0.005,0.009
DMSO,T24,Moraxellaceae,Abundance,3,0,0
Imolope_high,T24,Moraxellaceae,Abundance,3,0,0
Imolope_low,T24,Moraxellaceae,Abundance,3,0,0
Lop_high,T24,Moraxellaceae,Abundance,3,0,0
Lop_low,T24,Moraxellaceae,Abundance,3,0,0
Saline,T24,Moraxellaceae,Abundance,3,0,0
DMSO,T48,Moraxellaceae,Abundance,3,0,0
Imolope_high,T48,Moraxellaceae,Abundance,3,0,0
Imolope_low,T48,Moraxellaceae,Abundance,3,0,0.001
Lop_high,T48,Moraxellaceae,Abundance,3,0,0
Lop_low,T48,Moraxellaceae,Abundance,3,0,0
Saline,T48,Moraxellaceae,Abundance,3,0,0
DMSO,T72,Moraxellaceae,Abundance,3,0,0
Imolope_high,T72,Moraxellaceae,Abundance,3,0,0
Imolope_low,T72,Moraxellaceae,Abundance,3,0,0
Lop_high,T72,Moraxellaceae,Abundance,3,0,0
Lop_low,T72,Moraxellaceae,Abundance,3,0,0
Saline,T72,Moraxellaceae,Abundance,3,0,0
DMSO,T0,Muribaculaceae,Abundance,3,17.321,5.004
Imolope_high,T0,Muribaculaceae,Abundance,3,16.95,2.124
Imolope_low,T0,Muribaculaceae,Abundance,3,14.816,2.391
Lop_high,T0,Muribaculaceae,Abundance,3,15.829,3.564
Lop_low,T0,Muribaculaceae,Abundance,3,15.964,2.661
Saline,T0,Muribaculaceae,Abundance,3,12.774,2.466
DMSO,T24,Muribaculaceae,Abundance,3,0.62,0.202
Imolope_high,T24,Muribaculaceae,Abundance,3,0.865,0.236
Imolope_low,T24,Muribaculaceae,Abundance,3,1.955,0.171
Lop_high,T24,Muribaculaceae,Abundance,3,0.929,0.398
Lop_low,T24,Muribaculaceae,Abundance,3,1.359,0.719
Saline,T24,Muribaculaceae,Abundance,3,1.706,0.284
DMSO,T48,Muribaculaceae,Abundance,3,0.841,0.222
Imolope_high,T48,Muribaculaceae,Abundance,3,1.202,0.344
Imolope_low,T48,Muribaculaceae,Abundance,3,1.409,0.063
Lop_high,T48,Muribaculaceae,Abundance,3,1.028,0.468
Lop_low,T48,Muribaculaceae,Abundance,3,1.122,0.366
Saline,T48,Muribaculaceae,Abundance,3,1.433,0.108
DMSO,T72,Muribaculaceae,Abundance,3,0.523,0.099
Imolope_high,T72,Muribaculaceae,Abundance,3,0.983,0.301
Imolope_low,T72,Muribaculaceae,Abundance,3,0.734,0.102
Lop_high,T72,Muribaculaceae,Abundance,3,0.644,0.204
Lop_low,T72,Muribaculaceae,Abundance,3,0.783,0.218
Saline,T72,Muribaculaceae,Abundance,3,0.644,0.223
DMSO,T0,Order_Chromatiales,Abundance,3,0.007,0.009
Imolope_high,T0,Order_Chromatiales,Abundance,3,0.009,0.012
Imolope_low,T0,Order_Chromatiales,Abundance,3,0.001,0.002
Lop_high,T0,Order_Chromatiales,Abundance,3,0,0
Lop_low,T0,Order_Chromatiales,Abundance,3,0.003,0.005
Saline,T0,Order_Chromatiales,Abundance,3,0.003,0.003
DMSO,T24,Order_Chromatiales,Abundance,3,0,0.001
Imolope_high,T24,Order_Chromatiales,Abundance,3,0,0
Imolope_low,T24,Order_Chromatiales,Abundance,3,0.001,0.001
Lop_high,T24,Order_Chromatiales,Abundance,3,0,0
Lop_low,T24,Order_Chromatiales,Abundance,3,0,0
Saline,T24,Order_Chromatiales,Abundance,3,0,0
DMSO,T48,Order_Chromatiales,Abundance,3,0,0
Imolope_high,T48,Order_Chromatiales,Abundance,3,0,0
Imolope_low,T48,Order_Chromatiales,Abundance,3,0,0
Lop_high,T48,Order_Chromatiales,Abundance,3,0,0
Lop_low,T48,Order_Chromatiales,Abundance,3,0,0
Saline,T48,Order_Chromatiales,Abundance,3,0,0
DMSO,T72,Order_Chromatiales,Abundance,3,0,0
Imolope_high,T72,Order_Chromatiales,Abundance,3,0,0
Imolope_low,T72,Order_Chromatiales,Abundance,3,0,0
Lop_high,T72,Order_Chromatiales,Abundance,3,0,0
Lop_low,T72,Order_Chromatiales,Abundance,3,0,0
Saline,T72,Order_Chromatiales,Abundance,3,0,0
DMSO,T0,Order_Clostridiales,Abundance,3,0.611,0.186
Imolope_high,T0,Order_Clostridiales,Abundance,3,0.575,0.057
Imolope_low,T0,Order_Clostridiales,Abundance,3,0.494,0.212
Lop_high,T0,Order_Clostridiales,Abundance,3,0.696,0.2
Lop_low,T0,Order_Clostridiales,Abundance,3,0.626,0.057
Saline,T0,Order_Clostridiales,Abundance,3,0.526,0.037
DMSO,T24,Order_Clostridiales,Abundance,3,0,0.001
Imolope_high,T24,Order_Clostridiales,Abundance,3,0,0
Imolope_low,T24,Order_Clostridiales,Abundance,3,0.001,0.001
Lop_high,T24,Order_Clostridiales,Abundance,3,0.001,0.002
Lop_low,T24,Order_Clostridiales,Abundance,3,0,0.001
Saline,T24,Order_Clostridiales,Abundance,3,0.001,0.001
DMSO,T48,Order_Clostridiales,Abundance,3,0,0
Imolope_high,T48,Order_Clostridiales,Abundance,3,0,0.001
Imolope_low,T48,Order_Clostridiales,Abundance,3,0.002,0.002
Lop_high,T48,Order_Clostridiales,Abundance,3,0,0
Lop_low,T48,Order_Clostridiales,Abundance,3,0.002,0.003
Saline,T48,Order_Clostridiales,Abundance,3,0.001,0.001
DMSO,T72,Order_Clostridiales,Abundance,3,0.001,0
Imolope_high,T72,Order_Clostridiales,Abundance,3,0.001,0.001
Imolope_low,T72,Order_Clostridiales,Abundance,3,0,0.001
Lop_high,T72,Order_Clostridiales,Abundance,3,0.001,0.001
Lop_low,T72,Order_Clostridiales,Abundance,3,0.001,0.002
Saline,T72,Order_Clostridiales,Abundance,3,0.002,0.001
DMSO,T0,Order_Rhodospirillales,Abundance,3,0.026,0.024
Imolope_high,T0,Order_Rhodospirillales,Abundance,3,0.01,0.011
Imolope_low,T0,Order_Rhodospirillales,Abundance,3,0.007,0.009
Lop_high,T0,Order_Rhodospirillales,Abundance,3,0.002,0.003
Lop_low,T0,Order_Rhodospirillales,Abundance,3,0,0
Saline,T0,Order_Rhodospirillales,Abundance,3,0.002,0.004
DMSO,T24,Order_Rhodospirillales,Abundance,3,0,0
Imolope_high,T24,Order_Rhodospirillales,Abundance,3,0,0
Imolope_low,T24,Order_Rhodospirillales,Abundance,3,0,0
Lop_high,T24,Order_Rhodospirillales,Abundance,3,0,0
Lop_low,T24,Order_Rhodospirillales,Abundance,3,0,0
Saline,T24,Order_Rhodospirillales,Abundance,3,0,0
DMSO,T48,Order_Rhodospirillales,Abundance,3,0,0
Imolope_high,T48,Order_Rhodospirillales,Abundance,3,0,0
Imolope_low,T48,Order_Rhodospirillales,Abundance,3,0,0
Lop_high,T48,Order_Rhodospirillales,Abundance,3,0,0
Lop_low,T48,Order_Rhodospirillales,Abundance,3,0,0
Saline,T48,Order_Rhodospirillales,Abundance,3,0,0
DMSO,T72,Order_Rhodospirillales,Abundance,3,0,0.001
Imolope_high,T72,Order_Rhodospirillales,Abundance,3,0,0
Imolope_low,T72,Order_Rhodospirillales,Abundance,3,0,0
Lop_high,T72,Order_Rhodospirillales,Abundance,3,0,0.001
Lop_low,T72,Order_Rhodospirillales,Abundance,3,0,0
Saline,T72,Order_Rhodospirillales,Abundance,3,0,0
DMSO,T0,Paenibacillaceae_1,Abundance,3,0,0
Imolope_high,T0,Paenibacillaceae_1,Abundance,3,0,0
Imolope_low,T0,Paenibacillaceae_1,Abundance,3,0,0
Lop_high,T0,Paenibacillaceae_1,Abundance,3,0,0
Lop_low,T0,Paenibacillaceae_1,Abundance,3,0,0
Saline,T0,Paenibacillaceae_1,Abundance,3,0,0
DMSO,T24,Paenibacillaceae_1,Abundance,3,0,0
Imolope_high,T24,Paenibacillaceae_1,Abundance,3,0,0
Imolope_low,T24,Paenibacillaceae_1,Abundance,3,0,0
Lop_high,T24,Paenibacillaceae_1,Abundance,3,0,0
Lop_low,T24,Paenibacillaceae_1,Abundance,3,0,0
Saline,T24,Paenibacillaceae_1,Abundance,3,0,0
DMSO,T48,Paenibacillaceae_1,Abundance,3,0,0
Imolope_high,T48,Paenibacillaceae_1,Abundance,3,0,0
Imolope_low,T48,Paenibacillaceae_1,Abundance,3,0,0
Lop_high,T48,Paenibacillaceae_1,Abundance,3,0,0
Lop_low,T48,Paenibacillaceae_1,Abundance,3,0,0
Saline,T48,Paenibacillaceae_1,Abundance,3,0,0
DMSO,T72,Paenibacillaceae_1,Abundance,3,0.009,0.014
Imolope_high,T72,Paenibacillaceae_1,Abundance,3,0.004,0.004
Imolope_low,T72,Paenibacillaceae_1,Abundance,3,0.003,0.005
Lop_high,T72,Paenibacillaceae_1,Abundance,3,0.01,0.009
Lop_low,T72,Paenibacillaceae_1,Abundance,3,0.001,0.003
Saline,T72,Paenibacillaceae_1,Abundance,3,0.009,0.007
DMSO,T0,Peptococcaceae_1,Abundance,3,0.088,0.012
Imolope_high,T0,Peptococcaceae_1,Abundance,3,0.064,0.004
Imolope_low,T0,Peptococcaceae_1,Abundance,3,0.063,0.037
Lop_high,T0,Peptococcaceae_1,Abundance,3,0.067,0.037
Lop_low,T0,Peptococcaceae_1,Abundance,3,0.06,0.045
Saline,T0,Peptococcaceae_1,Abundance,3,0.058,0.038
DMSO,T24,Peptococcaceae_1,Abundance,3,0,0
Imolope_high,T24,Peptococcaceae_1,Abundance,3,0,0
Imolope_low,T24,Peptococcaceae_1,Abundance,3,0,0
Lop_high,T24,Peptococcaceae_1,Abundance,3,0,0
Lop_low,T24,Peptococcaceae_1,Abundance,3,0,0
Saline,T24,Peptococcaceae_1,Abundance,3,0,0
DMSO,T48,Peptococcaceae_1,Abundance,3,0,0
Imolope_high,T48,Peptococcaceae_1,Abundance,3,0,0
Imolope_low,T48,Peptococcaceae_1,Abundance,3,0,0
Lop_high,T48,Peptococcaceae_1,Abundance,3,0,0
Lop_low,T48,Peptococcaceae_1,Abundance,3,0,0
Saline,T48,Peptococcaceae_1,Abundance,3,0,0
DMSO,T72,Peptococcaceae_1,Abundance,3,0,0
Imolope_high,T72,Peptococcaceae_1,Abundance,3,0,0
Imolope_low,T72,Peptococcaceae_1,Abundance,3,0,0
Lop_high,T72,Peptococcaceae_1,Abundance,3,0,0.001
Lop_low,T72,Peptococcaceae_1,Abundance,3,0,0
Saline,T72,Peptococcaceae_1,Abundance,3,0,0
DMSO,T0,Peptostreptococcaceae,Abundance,3,0.001,0.002
Imolope_high,T0,Peptostreptococcaceae,Abundance,3,0,0
Imolope_low,T0,Peptostreptococcaceae,Abundance,3,0.006,0.006
Lop_high,T0,Peptostreptococcaceae,Abundance,3,0.003,0.003
Lop_low,T0,Peptostreptococcaceae,Abundance,3,0,0
Saline,T0,Peptostreptococcaceae,Abundance,3,0.002,0.004
DMSO,T24,Peptostreptococcaceae,Abundance,3,0.001,0.001
Imolope_high,T24,Peptostreptococcaceae,Abundance,3,0.001,0.001
Imolope_low,T24,Peptostreptococcaceae,Abundance,3,0,0
Lop_high,T24,Peptostreptococcaceae,Abundance,3,0.001,0.001
Lop_low,T24,Peptostreptococcaceae,Abundance,3,0.001,0.001
Saline,T24,Peptostreptococcaceae,Abundance,3,0,0
DMSO,T48,Peptostreptococcaceae,Abundance,3,0.001,0.002
Imolope_high,T48,Peptostreptococcaceae,Abundance,3,0,0.001
Imolope_low,T48,Peptostreptococcaceae,Abundance,3,0,0
Lop_high,T48,Peptostreptococcaceae,Abundance,3,0,0.001
Lop_low,T48,Peptostreptococcaceae,Abundance,3,0,0
Saline,T48,Peptostreptococcaceae,Abundance,3,0.001,0.001
DMSO,T72,Peptostreptococcaceae,Abundance,3,0,0.001
Imolope_high,T72,Peptostreptococcaceae,Abundance,3,0,0
Imolope_low,T72,Peptostreptococcaceae,Abundance,3,0,0
Lop_high,T72,Peptostreptococcaceae,Abundance,3,0.001,0.001
Lop_low,T72,Peptostreptococcaceae,Abundance,3,0.002,0.003
Saline,T72,Peptostreptococcaceae,Abundance,3,0,0
DMSO,T0,Phylum_Candidatus_Saccharibacteria,Abundance,3,0.013,0.023
Imolope_high,T0,Phylum_Candidatus_Saccharibacteria,Abundance,3,0,0
Imolope_low,T0,Phylum_Candidatus_Saccharibacteria,Abundance,3,0,0
Lop_high,T0,Phylum_Candidatus_Saccharibacteria,Abundance,3,0,0
Lop_low,T0,Phylum_Candidatus_Saccharibacteria,Abundance,3,0.001,0.003
Saline,T0,Phylum_Candidatus_Saccharibacteria,Abundance,3,0,0
DMSO,T24,Phylum_Candidatus_Saccharibacteria,Abundance,3,0,0
Imolope_high,T24,Phylum_Candidatus_Saccharibacteria,Abundance,3,0,0
Imolope_low,T24,Phylum_Candidatus_Saccharibacteria,Abundance,3,0,0
Lop_high,T24,Phylum_Candidatus_Saccharibacteria,Abundance,3,0,0
Lop_low,T24,Phylum_Candidatus_Saccharibacteria,Abundance,3,0,0
Saline,T24,Phylum_Candidatus_Saccharibacteria,Abundance,3,0,0
DMSO,T48,Phylum_Candidatus_Saccharibacteria,Abundance,3,0,0
Imolope_high,T48,Phylum_Candidatus_Saccharibacteria,Abundance,3,0,0
Imolope_low,T48,Phylum_Candidatus_Saccharibacteria,Abundance,3,0,0
Lop_high,T48,Phylum_Candidatus_Saccharibacteria,Abundance,3,0,0
Lop_low,T48,Phylum_Candidatus_Saccharibacteria,Abundance,3,0,0
Saline,T48,Phylum_Candidatus_Saccharibacteria,Abundance,3,0,0
DMSO,T72,Phylum_Candidatus_Saccharibacteria,Abundance,3,0,0
Imolope_high,T72,Phylum_Candidatus_Saccharibacteria,Abundance,3,0,0
Imolope_low,T72,Phylum_Candidatus_Saccharibacteria,Abundance,3,0,0
Lop_high,T72,Phylum_Candidatus_Saccharibacteria,Abundance,3,0,0
Lop_low,T72,Phylum_Candidatus_Saccharibacteria,Abundance,3,0,0
Saline,T72,Phylum_Candidatus_Saccharibacteria,Abundance,3,0,0
DMSO,T0,Phylum_Firmicutes,Abundance,3,0.388,0.174
Imolope_high,T0,Phylum_Firmicutes,Abundance,3,0.301,0.025
Imolope_low,T0,Phylum_Firmicutes,Abundance,3,0.339,0.055
Lop_high,T0,Phylum_Firmicutes,Abundance,3,0.309,0.12
Lop_low,T0,Phylum_Firmicutes,Abundance,3,0.327,0.079
Saline,T0,Phylum_Firmicutes,Abundance,3,0.306,0.022
DMSO,T24,Phylum_Firmicutes,Abundance,3,0,0
Imolope_high,T24,Phylum_Firmicutes,Abundance,3,0,0
Imolope_low,T24,Phylum_Firmicutes,Abundance,3,0,0
Lop_high,T24,Phylum_Firmicutes,Abundance,3,0.001,0.001
Lop_low,T24,Phylum_Firmicutes,Abundance,3,0,0
Saline,T24,Phylum_Firmicutes,Abundance,3,0,0
DMSO,T48,Phylum_Firmicutes,Abundance,3,0,0
Imolope_high,T48,Phylum_Firmicutes,Abundance,3,0,0.001
Imolope_low,T48,Phylum_Firmicutes,Abundance,3,0,0
Lop_high,T48,Phylum_Firmicutes,Abundance,3,0,0.001
Lop_low,T48,Phylum_Firmicutes,Abundance,3,0,0.001
Saline,T48,Phylum_Firmicutes,Abundance,3,0.001,0.001
DMSO,T72,Phylum_Firmicutes,Abundance,3,0,0.001
Imolope_high,T72,Phylum_Firmicutes,Abundance,3,0,0
Imolope_low,T72,Phylum_Firmicutes,Abundance,3,0,0
Lop_high,T72,Phylum_Firmicutes,Abundance,3,0,0
Lop_low,T72,Phylum_Firmicutes,Abundance,3,0,0.001
Saline,T72,Phylum_Firmicutes,Abundance,3,0,0
DMSO,T0,Phylum_Proteobacteria,Abundance,3,0,0
Imolope_high,T0,Phylum_Proteobacteria,Abundance,3,0.004,0.007
Imolope_low,T0,Phylum_Proteobacteria,Abundance,3,0,0
Lop_high,T0,Phylum_Proteobacteria,Abundance,3,0,0
Lop_low,T0,Phylum_Proteobacteria,Abundance,3,0.007,0.012
Saline,T0,Phylum_Proteobacteria,Abundance,3,0,0
DMSO,T24,Phylum_Proteobacteria,Abundance,3,0,0
Imolope_high,T24,Phylum_Proteobacteria,Abundance,3,0,0
Imolope_low,T24,Phylum_Proteobacteria,Abundance,3,0,0
Lop_high,T24,Phylum_Proteobacteria,Abundance,3,0,0
Lop_low,T24,Phylum_Proteobacteria,Abundance,3,0,0
Saline,T24,Phylum_Proteobacteria,Abundance,3,0,0
DMSO,T48,Phylum_Proteobacteria,Abundance,3,0,0
Imolope_high,T48,Phylum_Proteobacteria,Abundance,3,0,0
Imolope_low,T48,Phylum_Proteobacteria,Abundance,3,0,0
Lop_high,T48,Phylum_Proteobacteria,Abundance,3,0,0
Lop_low,T48,Phylum_Proteobacteria,Abundance,3,0,0
Saline,T48,Phylum_Proteobacteria,Abundance,3,0,0
DMSO,T72,Phylum_Proteobacteria,Abundance,3,0,0
Imolope_high,T72,Phylum_Proteobacteria,Abundance,3,0,0
Imolope_low,T72,Phylum_Proteobacteria,Abundance,3,0,0
Lop_high,T72,Phylum_Proteobacteria,Abundance,3,0,0
Lop_low,T72,Phylum_Proteobacteria,Abundance,3,0,0
Saline,T72,Phylum_Proteobacteria,Abundance,3,0,0
DMSO,T0,Porphyromonadaceae,Abundance,3,0.227,0.192
Imolope_high,T0,Porphyromonadaceae,Abundance,3,0.062,0.053
Imolope_low,T0,Porphyromonadaceae,Abundance,3,0.04,0.031
Lop_high,T0,Porphyromonadaceae,Abundance,3,0.13,0.098
Lop_low,T0,Porphyromonadaceae,Abundance,3,0.057,0.061
Saline,T0,Porphyromonadaceae,Abundance,3,0.054,0.011
DMSO,T24,Porphyromonadaceae,Abundance,3,1.67,0.817
Imolope_high,T24,Porphyromonadaceae,Abundance,3,1.03,0.406
Imolope_low,T24,Porphyromonadaceae,Abundance,3,2.706,0.466
Lop_high,T24,Porphyromonadaceae,Abundance,3,1.327,0.535
Lop_low,T24,Porphyromonadaceae,Abundance,3,2.382,0.761
Saline,T24,Porphyromonadaceae,Abundance,3,3.315,0.461
DMSO,T48,Porphyromonadaceae,Abundance,3,4.423,0.288
Imolope_high,T48,Porphyromonadaceae,Abundance,3,5.064,0.543
Imolope_low,T48,Porphyromonadaceae,Abundance,3,5.61,0.405
Lop_high,T48,Porphyromonadaceae,Abundance,3,4.521,0.794
Lop_low,T48,Porphyromonadaceae,Abundance,3,5.255,0.604
Saline,T48,Porphyromonadaceae,Abundance,3,6.823,1.771
DMSO,T72,Porphyromonadaceae,Abundance,3,7.828,0.316
Imolope_high,T72,Porphyromonadaceae,Abundance,3,7.898,0.324
Imolope_low,T72,Porphyromonadaceae,Abundance,3,7.381,1.146
Lop_high,T72,Porphyromonadaceae,Abundance,3,7.538,1.312
Lop_low,T72,Porphyromonadaceae,Abundance,3,8.127,2.551
Saline,T72,Porphyromonadaceae,Abundance,3,5.5,0.848
DMSO,T0,Pseudomonadaceae,Abundance,3,0,0
Imolope_high,T0,Pseudomonadaceae,Abundance,3,0,0
Imolope_low,T0,Pseudomonadaceae,Abundance,3,0.115,0.2
Lop_high,T0,Pseudomonadaceae,Abundance,3,0,0
Lop_low,T0,Pseudomonadaceae,Abundance,3,0,0
Saline,T0,Pseudomonadaceae,Abundance,3,0,0
DMSO,T24,Pseudomonadaceae,Abundance,3,0,0
Imolope_high,T24,Pseudomonadaceae,Abundance,3,0,0
Imolope_low,T24,Pseudomonadaceae,Abundance,3,0,0
Lop_high,T24,Pseudomonadaceae,Abundance,3,0.001,0.001
Lop_low,T24,Pseudomonadaceae,Abundance,3,0,0
Saline,T24,Pseudomonadaceae,Abundance,3,0,0.001
DMSO,T48,Pseudomonadaceae,Abundance,3,0,0
Imolope_high,T48,Pseudomonadaceae,Abundance,3,0.001,0.001
Imolope_low,T48,Pseudomonadaceae,Abundance,3,0,0
Lop_high,T48,Pseudomonadaceae,Abundance,3,0,0
Lop_low,T48,Pseudomonadaceae,Abundance,3,0,0
Saline,T48,Pseudomonadaceae,Abundance,3,0,0
DMSO,T72,Pseudomonadaceae,Abundance,3,0,0
Imolope_high,T72,Pseudomonadaceae,Abundance,3,0,0
Imolope_low,T72,Pseudomonadaceae,Abundance,3,0,0
Lop_high,T72,Pseudomonadaceae,Abundance,3,0,0.001
Lop_low,T72,Pseudomonadaceae,Abundance,3,0,0
Saline,T72,Pseudomonadaceae,Abundance,3,0,0
DMSO,T0,Rhodobacteraceae,Abundance,3,0.004,0.003
Imolope_high,T0,Rhodobacteraceae,Abundance,3,0.001,0.002
Imolope_low,T0,Rhodobacteraceae,Abundance,3,0.003,0.005
Lop_high,T0,Rhodobacteraceae,Abundance,3,0,0
Lop_low,T0,Rhodobacteraceae,Abundance,3,0,0
Saline,T0,Rhodobacteraceae,Abundance,3,0,0
DMSO,T24,Rhodobacteraceae,Abundance,3,0,0
Imolope_high,T24,Rhodobacteraceae,Abundance,3,0,0
Imolope_low,T24,Rhodobacteraceae,Abundance,3,0,0
Lop_high,T24,Rhodobacteraceae,Abundance,3,0,0
Lop_low,T24,Rhodobacteraceae,Abundance,3,0,0
Saline,T24,Rhodobacteraceae,Abundance,3,0,0
DMSO,T48,Rhodobacteraceae,Abundance,3,0,0
Imolope_high,T48,Rhodobacteraceae,Abundance,3,0,0
Imolope_low,T48,Rhodobacteraceae,Abundance,3,0,0
Lop_high,T48,Rhodobacteraceae,Abundance,3,0,0
Lop_low,T48,Rhodobacteraceae,Abundance,3,0,0
Saline,T48,Rhodobacteraceae,Abundance,3,0,0.001
DMSO,T72,Rhodobacteraceae,Abundance,3,0,0.001
Imolope_high,T72,Rhodobacteraceae,Abundance,3,0,0
Imolope_low,T72,Rhodobacteraceae,Abundance,3,0,0
Lop_high,T72,Rhodobacteraceae,Abundance,3,0,0
Lop_low,T72,Rhodobacteraceae,Abundance,3,0,0
Saline,T72,Rhodobacteraceae,Abundance,3,0,0
DMSO,T0,Rikenellaceae,Abundance,3,0.033,0.014
Imolope_high,T0,Rikenellaceae,Abundance,3,0.022,0.009
Imolope_low,T0,Rikenellaceae,Abundance,3,0.049,0.01
Lop_high,T0,Rikenellaceae,Abundance,3,0.035,0.029
Lop_low,T0,Rikenellaceae,Abundance,3,0.036,0.005
Saline,T0,Rikenellaceae,Abundance,3,0.037,0.019
DMSO,T24,Rikenellaceae,Abundance,3,0.01,0.002
Imolope_high,T24,Rikenellaceae,Abundance,3,0.015,0.003
Imolope_low,T24,Rikenellaceae,Abundance,3,0.013,0.004
Lop_high,T24,Rikenellaceae,Abundance,3,0.016,0.008
Lop_low,T24,Rikenellaceae,Abundance,3,0.013,0.004
Saline,T24,Rikenellaceae,Abundance,3,0.02,0.007
DMSO,T48,Rikenellaceae,Abundance,3,0.027,0.006
Imolope_high,T48,Rikenellaceae,Abundance,3,0.028,0.006
Imolope_low,T48,Rikenellaceae,Abundance,3,0.031,0.004
Lop_high,T48,Rikenellaceae,Abundance,3,0.063,0.022
Lop_low,T48,Rikenellaceae,Abundance,3,0.039,0.023
Saline,T48,Rikenellaceae,Abundance,3,0.071,0.023
DMSO,T72,Rikenellaceae,Abundance,3,0.119,0.016
Imolope_high,T72,Rikenellaceae,Abundance,3,0.117,0.017
Imolope_low,T72,Rikenellaceae,Abundance,3,0.19,0.037
Lop_high,T72,Rikenellaceae,Abundance,3,0.34,0.105
Lop_low,T72,Rikenellaceae,Abundance,3,0.152,0.13
Saline,T72,Rikenellaceae,Abundance,3,0.389,0.066
DMSO,T0,Ruminococcaceae,Abundance,3,7.012,1.247
Imolope_high,T0,Ruminococcaceae,Abundance,3,8.683,0.799
Imolope_low,T0,Ruminococcaceae,Abundance,3,6.967,1.844
Lop_high,T0,Ruminococcaceae,Abundance,3,7.975,2.702
Lop_low,T0,Ruminococcaceae,Abundance,3,8.728,0.489
Saline,T0,Ruminococcaceae,Abundance,3,7.563,0.906
DMSO,T24,Ruminococcaceae,Abundance,3,0.006,0.001
Imolope_high,T24,Ruminococcaceae,Abundance,3,0.014,0.008
Imolope_low,T24,Ruminococcaceae,Abundance,3,0.012,0.006
Lop_high,T24,Ruminococcaceae,Abundance,3,0.009,0.008
Lop_low,T24,Ruminococcaceae,Abundance,3,0.019,0.014
Saline,T24,Ruminococcaceae,Abundance,3,0.006,0.002
DMSO,T48,Ruminococcaceae,Abundance,3,0.091,0.015
Imolope_high,T48,Ruminococcaceae,Abundance,3,0.061,0.013
Imolope_low,T48,Ruminococcaceae,Abundance,3,0.154,0.034
Lop_high,T48,Ruminococcaceae,Abundance,3,0.284,0.101
Lop_low,T48,Ruminococcaceae,Abundance,3,0.244,0.035
Saline,T48,Ruminococcaceae,Abundance,3,0.457,0.053
DMSO,T72,Ruminococcaceae,Abundance,3,5.047,0.394
Imolope_high,T72,Ruminococcaceae,Abundance,3,3.217,0.221
Imolope_low,T72,Ruminococcaceae,Abundance,3,4.84,0.632
Lop_high,T72,Ruminococcaceae,Abundance,3,6.947,0.642
Lop_low,T72,Ruminococcaceae,Abundance,3,6.861,0.276
Saline,T72,Ruminococcaceae,Abundance,3,6.449,0.764
DMSO,T0,Sphingomonadaceae,Abundance,3,0.007,0.012
Imolope_high,T0,Sphingomonadaceae,Abundance,3,0.004,0.004
Imolope_low,T0,Sphingomonadaceae,Abundance,3,0.012,0.022
Lop_high,T0,Sphingomonadaceae,Abundance,3,0.007,0.008
Lop_low,T0,Sphingomonadaceae,Abundance,3,0.004,0.004
Saline,T0,Sphingomonadaceae,Abundance,3,0.067,0.117
DMSO,T24,Sphingomonadaceae,Abundance,3,0,0
Imolope_high,T24,Sphingomonadaceae,Abundance,3,0,0
Imolope_low,T24,Sphingomonadaceae,Abundance,3,0,0
Lop_high,T24,Sphingomonadaceae,Abundance,3,0,0.001
Lop_low,T24,Sphingomonadaceae,Abundance,3,0,0
Saline,T24,Sphingomonadaceae,Abundance,3,0,0
DMSO,T48,Sphingomonadaceae,Abundance,3,0,0
Imolope_high,T48,Sphingomonadaceae,Abundance,3,0,0
Imolope_low,T48,Sphingomonadaceae,Abundance,3,0,0
Lop_high,T48,Sphingomonadaceae,Abundance,3,0,0
Lop_low,T48,Sphingomonadaceae,Abundance,3,0,0
Saline,T48,Sphingomonadaceae,Abundance,3,0,0
DMSO,T72,Sphingomonadaceae,Abundance,3,0,0
Imolope_high,T72,Sphingomonadaceae,Abundance,3,0,0
Imolope_low,T72,Sphingomonadaceae,Abundance,3,0,0
Lop_high,T72,Sphingomonadaceae,Abundance,3,0,0
Lop_low,T72,Sphingomonadaceae,Abundance,3,0,0
Saline,T72,Sphingomonadaceae,Abundance,3,0,0
DMSO,T0,Staphylococcaceae,Abundance,3,0.007,0.012
Imolope_high,T0,Staphylococcaceae,Abundance,3,0.004,0.006
Imolope_low,T0,Staphylococcaceae,Abundance,3,0.01,0.009
Lop_high,T0,Staphylococcaceae,Abundance,3,0.023,0.04
Lop_low,T0,Staphylococcaceae,Abundance,3,0.013,0.019
Saline,T0,Staphylococcaceae,Abundance,3,0.005,0.005
DMSO,T24,Staphylococcaceae,Abundance,3,0,0
Imolope_high,T24,Staphylococcaceae,Abundance,3,0,0
Imolope_low,T24,Staphylococcaceae,Abundance,3,0.002,0.003
Lop_high,T24,Staphylococcaceae,Abundance,3,0.001,0.001
Lop_low,T24,Staphylococcaceae,Abundance,3,0,0
Saline,T24,Staphylococcaceae,Abundance,3,0.001,0.001
DMSO,T48,Staphylococcaceae,Abundance,3,0,0
Imolope_high,T48,Staphylococcaceae,Abundance,3,0,0.001
Imolope_low,T48,Staphylococcaceae,Abundance,3,0,0
Lop_high,T48,Staphylococcaceae,Abundance,3,0,0
Lop_low,T48,Staphylococcaceae,Abundance,3,0,0
Saline,T48,Staphylococcaceae,Abundance,3,0,0
DMSO,T72,Staphylococcaceae,Abundance,3,0,0.001
Imolope_high,T72,Staphylococcaceae,Abundance,3,0,0.001
Imolope_low,T72,Staphylococcaceae,Abundance,3,0.001,0.001
Lop_high,T72,Staphylococcaceae,Abundance,3,0,0
Lop_low,T72,Staphylococcaceae,Abundance,3,0,0
Saline,T72,Staphylococcaceae,Abundance,3,0,0
DMSO,T0,Sterolibacteriaceae,Abundance,3,0,0
Imolope_high,T0,Sterolibacteriaceae,Abundance,3,0,0
Imolope_low,T0,Sterolibacteriaceae,Abundance,3,0,0
Lop_high,T0,Sterolibacteriaceae,Abundance,3,0,0
Lop_low,T0,Sterolibacteriaceae,Abundance,3,0.014,0.018
Saline,T0,Sterolibacteriaceae,Abundance,3,0,0
DMSO,T24,Sterolibacteriaceae,Abundance,3,0,0
Imolope_high,T24,Sterolibacteriaceae,Abundance,3,0,0
Imolope_low,T24,Sterolibacteriaceae,Abundance,3,0,0
Lop_high,T24,Sterolibacteriaceae,Abundance,3,0,0
Lop_low,T24,Sterolibacteriaceae,Abundance,3,0,0
Saline,T24,Sterolibacteriaceae,Abundance,3,0,0
DMSO,T48,Sterolibacteriaceae,Abundance,3,0,0
Imolope_high,T48,Sterolibacteriaceae,Abundance,3,0,0
Imolope_low,T48,Sterolibacteriaceae,Abundance,3,0,0
Lop_high,T48,Sterolibacteriaceae,Abundance,3,0,0
Lop_low,T48,Sterolibacteriaceae,Abundance,3,0,0
Saline,T48,Sterolibacteriaceae,Abundance,3,0,0
DMSO,T72,Sterolibacteriaceae,Abundance,3,0,0
Imolope_high,T72,Sterolibacteriaceae,Abundance,3,0,0
Imolope_low,T72,Sterolibacteriaceae,Abundance,3,0,0
Lop_high,T72,Sterolibacteriaceae,Abundance,3,0,0
Lop_low,T72,Sterolibacteriaceae,Abundance,3,0,0
Saline,T72,Sterolibacteriaceae,Abundance,3,0,0
DMSO,T0,Streptococcaceae,Abundance,3,0.069,0.031
Imolope_high,T0,Streptococcaceae,Abundance,3,0.108,0.052
Imolope_low,T0,Streptococcaceae,Abundance,3,0.071,0.008
Lop_high,T0,Streptococcaceae,Abundance,3,0.13,0.052
Lop_low,T0,Streptococcaceae,Abundance,3,0.125,0.004
Saline,T0,Streptococcaceae,Abundance,3,0.093,0.017
DMSO,T24,Streptococcaceae,Abundance,3,0.001,0.001
Imolope_high,T24,Streptococcaceae,Abundance,3,0.007,0.003
Imolope_low,T24,Streptococcaceae,Abundance,3,0.001,0.001
Lop_high,T24,Streptococcaceae,Abundance,3,0.002,0.001
Lop_low,T24,Streptococcaceae,Abundance,3,0.001,0.002
Saline,T24,Streptococcaceae,Abundance,3,0.002,0.002
DMSO,T48,Streptococcaceae,Abundance,3,0.002,0.002
Imolope_high,T48,Streptococcaceae,Abundance,3,0.001,0.001
Imolope_low,T48,Streptococcaceae,Abundance,3,0.001,0.001
Lop_high,T48,Streptococcaceae,Abundance,3,0,0.001
Lop_low,T48,Streptococcaceae,Abundance,3,0.001,0.001
Saline,T48,Streptococcaceae,Abundance,3,0,0.001
DMSO,T72,Streptococcaceae,Abundance,3,0.001,0.001
Imolope_high,T72,Streptococcaceae,Abundance,3,0.002,0.003
Imolope_low,T72,Streptococcaceae,Abundance,3,0,0.001
Lop_high,T72,Streptococcaceae,Abundance,3,0,0
Lop_low,T72,Streptococcaceae,Abundance,3,0,0.001
Saline,T72,Streptococcaceae,Abundance,3,0,0
DMSO,T0,Sutterellaceae,Abundance,3,0.039,0.053
Imolope_high,T0,Sutterellaceae,Abundance,3,0.012,0.01
Imolope_low,T0,Sutterellaceae,Abundance,3,0.003,0.002
Lop_high,T0,Sutterellaceae,Abundance,3,0.005,0.009
Lop_low,T0,Sutterellaceae,Abundance,3,0.008,0.004
Saline,T0,Sutterellaceae,Abundance,3,0.005,0.006
DMSO,T24,Sutterellaceae,Abundance,3,0.113,0.04
Imolope_high,T24,Sutterellaceae,Abundance,3,0.268,0.264
Imolope_low,T24,Sutterellaceae,Abundance,3,0.346,0.365
Lop_high,T24,Sutterellaceae,Abundance,3,0.526,0.209
Lop_low,T24,Sutterellaceae,Abundance,3,0.511,0.404
Saline,T24,Sutterellaceae,Abundance,3,0.826,0.389
DMSO,T48,Sutterellaceae,Abundance,3,0.604,0.222
Imolope_high,T48,Sutterellaceae,Abundance,3,0.625,0.691
Imolope_low,T48,Sutterellaceae,Abundance,3,0.698,0.199
Lop_high,T48,Sutterellaceae,Abundance,3,0.795,0.336
Lop_low,T48,Sutterellaceae,Abundance,3,0.638,0.209
Saline,T48,Sutterellaceae,Abundance,3,0.726,0.945
DMSO,T72,Sutterellaceae,Abundance,3,1.395,0.392
Imolope_high,T72,Sutterellaceae,Abundance,3,0.612,0.312
Imolope_low,T72,Sutterellaceae,Abundance,3,0.694,0.366
Lop_high,T72,Sutterellaceae,Abundance,3,0.857,0.977
Lop_low,T72,Sutterellaceae,Abundance,3,0.234,0.263
Saline,T72,Sutterellaceae,Abundance,3,0.358,0.359
DMSO,T0,Tissierellaceae,Abundance,3,0,0
Imolope_high,T0,Tissierellaceae,Abundance,3,0,0
Imolope_low,T0,Tissierellaceae,Abundance,3,0,0
Lop_high,T0,Tissierellaceae,Abundance,3,0,0
Lop_low,T0,Tissierellaceae,Abundance,3,0,0
Saline,T0,Tissierellaceae,Abundance,3,0,0
DMSO,T24,Tissierellaceae,Abundance,3,0,0
Imolope_high,T24,Tissierellaceae,Abundance,3,0,0
Imolope_low,T24,Tissierellaceae,Abundance,3,0,0
Lop_high,T24,Tissierellaceae,Abundance,3,0,0
Lop_low,T24,Tissierellaceae,Abundance,3,0,0
Saline,T24,Tissierellaceae,Abundance,3,0,0
DMSO,T48,Tissierellaceae,Abundance,3,0,0
Imolope_high,T48,Tissierellaceae,Abundance,3,0,0
Imolope_low,T48,Tissierellaceae,Abundance,3,0,0
Lop_high,T48,Tissierellaceae,Abundance,3,0,0
Lop_low,T48,Tissierellaceae,Abundance,3,0,0
Saline,T48,Tissierellaceae,Abundance,3,0,0
DMSO,T72,Tissierellaceae,Abundance,3,0,0
Imolope_high,T72,Tissierellaceae,Abundance,3,0,0
Imolope_low,T72,Tissierellaceae,Abundance,3,0,0
Lop_high,T72,Tissierellaceae,Abundance,3,0,0
Lop_low,T72,Tissierellaceae,Abundance,3,0,0
Saline,T72,Tissierellaceae,Abundance,3,0.036,0.063
DMSO,T0,Veillonellaceae,Abundance,3,0.011,0.019
Imolope_high,T0,Veillonellaceae,Abundance,3,0,0
Imolope_low,T0,Veillonellaceae,Abundance,3,0,0
Lop_high,T0,Veillonellaceae,Abundance,3,0,0
Lop_low,T0,Veillonellaceae,Abundance,3,0,0
Saline,T0,Veillonellaceae,Abundance,3,0,0
DMSO,T24,Veillonellaceae,Abundance,3,0,0
Imolope_high,T24,Veillonellaceae,Abundance,3,0,0
Imolope_low,T24,Veillonellaceae,Abundance,3,0,0
Lop_high,T24,Veillonellaceae,Abundance,3,0,0
Lop_low,T24,Veillonellaceae,Abundance,3,0,0
Saline,T24,Veillonellaceae,Abundance,3,0,0
DMSO,T48,Veillonellaceae,Abundance,3,0,0
Imolope_high,T48,Veillonellaceae,Abundance,3,0,0
Imolope_low,T48,Veillonellaceae,Abundance,3,0,0
Lop_high,T48,Veillonellaceae,Abundance,3,0,0
Lop_low,T48,Veillonellaceae,Abundance,3,0,0
Saline,T48,Veillonellaceae,Abundance,3,0,0
DMSO,T72,Veillonellaceae,Abundance,3,0,0
Imolope_high,T72,Veillonellaceae,Abundance,3,0,0
Imolope_low,T72,Veillonellaceae,Abundance,3,0,0
Lop_high,T72,Veillonellaceae,Abundance,3,0,0
Lop_low,T72,Veillonellaceae,Abundance,3,0,0
Saline,T72,Veillonellaceae,Abundance,3,0,0
