Day,Group,Genus,variable,n,mean,sd
D02,Control,Acetatifactor,Abundance,6,2.514,1.309
D02,High,Acetatifactor,Abundance,6,1.203,1.918
D02,Low,Acetatifactor,Abundance,6,2.357,1.844
D02,Medium,Acetatifactor,Abundance,6,2.845,2.3
D05,Control,Acetatifactor,Abundance,6,3.568,3.642
D05,High,Acetatifactor,Abundance,6,0.785,1.539
D05,Low,Acetatifactor,Abundance,6,0.315,0.506
D05,Medium,Acetatifactor,Abundance,6,1.25,0.79
D09,Control,Acetatifactor,Abundance,6,2.353,3.671
D09,High,Acetatifactor,Abundance,6,0.387,0.735
D09,Low,Acetatifactor,Abundance,6,0.409,0.359
D09,Medium,Acetatifactor,Abundance,6,0.392,0.416
D02,Control,Acutalibacter,Abundance,6,0.182,0.139
D02,High,Acutalibacter,Abundance,6,0.096,0.104
D02,Low,Acutalibacter,Abundance,6,0.11,0.04
D02,Medium,Acutalibacter,Abundance,6,0.086,0.162
D05,Control,Acutalibacter,Abundance,6,0.152,0.13
D05,High,Acutalibacter,Abundance,6,0.077,0.068
D05,Low,Acutalibacter,Abundance,6,0.131,0.089
D05,Medium,Acutalibacter,Abundance,6,0.084,0.138
D09,Control,Acutalibacter,Abundance,6,0.102,0.065
D09,High,Acutalibacter,Abundance,6,0.044,0.047
D09,Low,Acutalibacter,Abundance,6,0.06,0.057
D09,Medium,Acutalibacter,Abundance,6,0.086,0.114
D02,Control,Adlercreutzia,Abundance,6,0.175,0.128
D02,High,Adlercreutzia,Abundance,6,0.219,0.06
D02,Low,Adlercreutzia,Abundance,6,0.251,0.178
D02,Medium,Adlercreutzia,Abundance,6,0.249,0.278
D05,Control,Adlercreutzia,Abundance,6,0.145,0.134
D05,High,Adlercreutzia,Abundance,6,0.198,0.174
D05,Low,Adlercreutzia,Abundance,6,0.278,0.142
D05,Medium,Adlercreutzia,Abundance,6,0.255,0.07
D09,Control,Adlercreutzia,Abundance,6,0.273,0.279
D09,High,Adlercreutzia,Abundance,6,0.284,0.072
D09,Low,Adlercreutzia,Abundance,6,0.691,0.74
D09,Medium,Adlercreutzia,Abundance,6,0.489,0.613
D02,Control,Agathobacter,Abundance,6,0.031,0.068
D02,High,Agathobacter,Abundance,6,0.004,0.004
D02,Low,Agathobacter,Abundance,6,0,0.001
D02,Medium,Agathobacter,Abundance,6,0.004,0.005
D05,Control,Agathobacter,Abundance,6,0.003,0.004
D05,High,Agathobacter,Abundance,6,0,0.001
D05,Low,Agathobacter,Abundance,6,0.002,0.002
D05,Medium,Agathobacter,Abundance,6,0.002,0.003
D09,Control,Agathobacter,Abundance,6,0.003,0.006
D09,High,Agathobacter,Abundance,6,0.001,0.002
D09,Low,Agathobacter,Abundance,6,0,0
D09,Medium,Agathobacter,Abundance,6,0.002,0.004
D02,Control,Agathobaculum,Abundance,6,0.025,0.017
D02,High,Agathobaculum,Abundance,6,0.082,0.075
D02,Low,Agathobaculum,Abundance,6,0.017,0.012
D02,Medium,Agathobaculum,Abundance,6,0.071,0.054
D05,Control,Agathobaculum,Abundance,6,0.062,0.08
D05,High,Agathobaculum,Abundance,6,0.055,0.07
D05,Low,Agathobaculum,Abundance,6,0.044,0.056
D05,Medium,Agathobaculum,Abundance,6,0.079,0.073
D09,Control,Agathobaculum,Abundance,6,0.059,0.063
D09,High,Agathobaculum,Abundance,6,0.012,0.01
D09,Low,Agathobaculum,Abundance,6,0.031,0.028
D09,Medium,Agathobaculum,Abundance,6,0.105,0.157
D02,Control,Akkermansia,Abundance,6,0.001,0.004
D02,High,Akkermansia,Abundance,6,0.013,0.018
D02,Low,Akkermansia,Abundance,6,0.001,0.003
D02,Medium,Akkermansia,Abundance,6,0.006,0.009
D05,Control,Akkermansia,Abundance,6,0.003,0.004
D05,High,Akkermansia,Abundance,6,0.031,0.032
D05,Low,Akkermansia,Abundance,6,0.002,0.004
D05,Medium,Akkermansia,Abundance,6,0.007,0.011
D09,Control,Akkermansia,Abundance,6,0.001,0.001
D09,High,Akkermansia,Abundance,6,0.019,0.021
D09,Low,Akkermansia,Abundance,6,0.012,0.017
D09,Medium,Akkermansia,Abundance,6,0.014,0.008
D02,Control,Alistipes,Abundance,6,1.54,0.558
D02,High,Alistipes,Abundance,6,2.074,2.217
D02,Low,Alistipes,Abundance,6,1.904,0.967
D02,Medium,Alistipes,Abundance,6,2.013,0.938
D05,Control,Alistipes,Abundance,6,1.663,0.992
D05,High,Alistipes,Abundance,6,1.459,1.179
D05,Low,Alistipes,Abundance,6,0.754,0.459
D05,Medium,Alistipes,Abundance,6,1.589,1.267
D09,Control,Alistipes,Abundance,6,1.777,1.631
D09,High,Alistipes,Abundance,6,0.349,0.312
D09,Low,Alistipes,Abundance,6,0.549,0.411
D09,Medium,Alistipes,Abundance,6,0.326,0.478
D02,Control,Amedibacillus,Abundance,6,0.053,0.045
D02,High,Amedibacillus,Abundance,6,0.102,0.115
D02,Low,Amedibacillus,Abundance,6,0.099,0.085
D02,Medium,Amedibacillus,Abundance,6,0.009,0.008
D05,Control,Amedibacillus,Abundance,6,0.037,0.031
D05,High,Amedibacillus,Abundance,6,0.032,0.046
D05,Low,Amedibacillus,Abundance,6,0.024,0.019
D05,Medium,Amedibacillus,Abundance,6,0.005,0.006
D09,Control,Amedibacillus,Abundance,6,0.078,0.126
D09,High,Amedibacillus,Abundance,6,0.016,0.015
D09,Low,Amedibacillus,Abundance,6,0.044,0.075
D09,Medium,Amedibacillus,Abundance,6,0.002,0.003
D02,Control,Anaerofilum,Abundance,6,0.028,0.013
D02,High,Anaerofilum,Abundance,6,0.029,0.014
D02,Low,Anaerofilum,Abundance,6,0.027,0.017
D02,Medium,Anaerofilum,Abundance,6,0.026,0.022
D05,Control,Anaerofilum,Abundance,6,0.029,0.015
D05,High,Anaerofilum,Abundance,6,0.02,0.015
D05,Low,Anaerofilum,Abundance,6,0.021,0.011
D05,Medium,Anaerofilum,Abundance,6,0.027,0.031
D09,Control,Anaerofilum,Abundance,6,0.024,0.021
D09,High,Anaerofilum,Abundance,6,0.021,0.015
D09,Low,Anaerofilum,Abundance,6,0.018,0.011
D09,Medium,Anaerofilum,Abundance,6,0.016,0.012
D02,Control,Anaerofustis,Abundance,6,0.003,0.002
D02,High,Anaerofustis,Abundance,6,0.004,0.004
D02,Low,Anaerofustis,Abundance,6,0.007,0.007
D02,Medium,Anaerofustis,Abundance,6,0.005,0.005
D05,Control,Anaerofustis,Abundance,6,0.004,0.007
D05,High,Anaerofustis,Abundance,6,0.003,0.005
D05,Low,Anaerofustis,Abundance,6,0.004,0.006
D05,Medium,Anaerofustis,Abundance,6,0.006,0.004
D09,Control,Anaerofustis,Abundance,6,0.005,0.004
D09,High,Anaerofustis,Abundance,6,0.002,0.002
D09,Low,Anaerofustis,Abundance,6,0.004,0.004
D09,Medium,Anaerofustis,Abundance,6,0.005,0.003
D02,Control,Anaerotignum,Abundance,6,0.275,0.086
D02,High,Anaerotignum,Abundance,6,0.486,0.508
D02,Low,Anaerotignum,Abundance,6,0.34,0.256
D02,Medium,Anaerotignum,Abundance,6,0.691,0.524
D05,Control,Anaerotignum,Abundance,6,0.53,0.493
D05,High,Anaerotignum,Abundance,6,0.171,0.07
D05,Low,Anaerotignum,Abundance,6,0.424,0.546
D05,Medium,Anaerotignum,Abundance,6,0.418,0.312
D09,Control,Anaerotignum,Abundance,6,0.587,0.696
D09,High,Anaerotignum,Abundance,6,0.38,0.329
D09,Low,Anaerotignum,Abundance,6,0.213,0.061
D09,Medium,Anaerotignum,Abundance,6,0.374,0.567
D02,Control,Anaerotruncus,Abundance,6,0.247,0.267
D02,High,Anaerotruncus,Abundance,6,0.341,0.26
D02,Low,Anaerotruncus,Abundance,6,0.21,0.233
D02,Medium,Anaerotruncus,Abundance,6,0.233,0.131
D05,Control,Anaerotruncus,Abundance,6,0.246,0.119
D05,High,Anaerotruncus,Abundance,6,0.183,0.12
D05,Low,Anaerotruncus,Abundance,6,0.175,0.07
D05,Medium,Anaerotruncus,Abundance,6,0.229,0.234
D09,Control,Anaerotruncus,Abundance,6,0.256,0.259
D09,High,Anaerotruncus,Abundance,6,0.169,0.126
D09,Low,Anaerotruncus,Abundance,6,0.169,0.126
D09,Medium,Anaerotruncus,Abundance,6,0.157,0.185
D02,Control,Bacteroides,Abundance,6,0.414,0.367
D02,High,Bacteroides,Abundance,6,0.66,0.572
D02,Low,Bacteroides,Abundance,6,0.276,0.089
D02,Medium,Bacteroides,Abundance,6,0.499,0.342
D05,Control,Bacteroides,Abundance,6,0.196,0.099
D05,High,Bacteroides,Abundance,6,1.189,0.643
D05,Low,Bacteroides,Abundance,6,0.414,0.191
D05,Medium,Bacteroides,Abundance,6,0.735,0.733
D09,Control,Bacteroides,Abundance,6,0.372,0.244
D09,High,Bacteroides,Abundance,6,1.603,0.734
D09,Low,Bacteroides,Abundance,6,2.46,1.883
D09,Medium,Bacteroides,Abundance,6,1.71,2.044
D02,Control,Bifidobacterium,Abundance,6,0,0.001
D02,High,Bifidobacterium,Abundance,6,0.002,0.005
D02,Low,Bifidobacterium,Abundance,6,0.001,0.001
D02,Medium,Bifidobacterium,Abundance,6,0,0.001
D05,Control,Bifidobacterium,Abundance,6,0.001,0.001
D05,High,Bifidobacterium,Abundance,6,0.012,0.028
D05,Low,Bifidobacterium,Abundance,6,0,0
D05,Medium,Bifidobacterium,Abundance,6,0,0
D09,Control,Bifidobacterium,Abundance,6,0,0.001
D09,High,Bifidobacterium,Abundance,6,0.008,0.016
D09,Low,Bifidobacterium,Abundance,6,0,0
D09,Medium,Bifidobacterium,Abundance,6,0.016,0.04
D02,Control,Brevundimonas,Abundance,6,0.002,0.002
D02,High,Brevundimonas,Abundance,6,0,0
D02,Low,Brevundimonas,Abundance,6,0,0.001
D02,Medium,Brevundimonas,Abundance,6,0,0.001
D05,Control,Brevundimonas,Abundance,6,0,0
D05,High,Brevundimonas,Abundance,6,0,0
D05,Low,Brevundimonas,Abundance,6,0,0.001
D05,Medium,Brevundimonas,Abundance,6,0.001,0.001
D09,Control,Brevundimonas,Abundance,6,0,0.001
D09,High,Brevundimonas,Abundance,6,0,0.001
D09,Low,Brevundimonas,Abundance,6,0.001,0.001
D09,Medium,Brevundimonas,Abundance,6,0,0.001
D02,Control,Catabacter,Abundance,6,0.007,0.013
D02,High,Catabacter,Abundance,6,0.002,0.003
D02,Low,Catabacter,Abundance,6,0.001,0.001
D02,Medium,Catabacter,Abundance,6,0.001,0.002
D05,Control,Catabacter,Abundance,6,0.007,0.016
D05,High,Catabacter,Abundance,6,0.001,0.002
D05,Low,Catabacter,Abundance,6,0,0.001
D05,Medium,Catabacter,Abundance,6,0.001,0.002
D09,Control,Catabacter,Abundance,6,0.002,0.002
D09,High,Catabacter,Abundance,6,0,0
D09,Low,Catabacter,Abundance,6,0.005,0.006
D09,Medium,Catabacter,Abundance,6,0.001,0.002
D02,Control,Christensenella,Abundance,6,0.009,0.005
D02,High,Christensenella,Abundance,6,0.008,0.007
D02,Low,Christensenella,Abundance,6,0.006,0.005
D02,Medium,Christensenella,Abundance,6,0.008,0.005
D05,Control,Christensenella,Abundance,6,0.008,0.008
D05,High,Christensenella,Abundance,6,0.006,0.005
D05,Low,Christensenella,Abundance,6,0.004,0.003
D05,Medium,Christensenella,Abundance,6,0.008,0.006
D09,Control,Christensenella,Abundance,6,0.006,0.006
D09,High,Christensenella,Abundance,6,0.003,0.004
D09,Low,Christensenella,Abundance,6,0.009,0.007
D09,Medium,Christensenella,Abundance,6,0.005,0.003
D02,Control,Class_Clostridia,Abundance,6,0.355,0.224
D02,High,Class_Clostridia,Abundance,6,0.232,0.106
D02,Low,Class_Clostridia,Abundance,6,0.275,0.178
D02,Medium,Class_Clostridia,Abundance,6,0.2,0.078
D05,Control,Class_Clostridia,Abundance,6,0.29,0.219
D05,High,Class_Clostridia,Abundance,6,0.44,0.676
D05,Low,Class_Clostridia,Abundance,6,0.155,0.071
D05,Medium,Class_Clostridia,Abundance,6,0.334,0.239
D09,Control,Class_Clostridia,Abundance,6,0.237,0.167
D09,High,Class_Clostridia,Abundance,6,0.409,0.417
D09,Low,Class_Clostridia,Abundance,6,0.131,0.074
D09,Medium,Class_Clostridia,Abundance,6,0.265,0.153
D02,Control,Class_Deltaproteobacteria,Abundance,6,0.039,0.035
D02,High,Class_Deltaproteobacteria,Abundance,6,0.059,0.055
D02,Low,Class_Deltaproteobacteria,Abundance,6,0.034,0.027
D02,Medium,Class_Deltaproteobacteria,Abundance,6,0.03,0.023
D05,Control,Class_Deltaproteobacteria,Abundance,6,0.018,0.015
D05,High,Class_Deltaproteobacteria,Abundance,6,0.036,0.025
D05,Low,Class_Deltaproteobacteria,Abundance,6,0.042,0.034
D05,Medium,Class_Deltaproteobacteria,Abundance,6,0.034,0.056
D09,Control,Class_Deltaproteobacteria,Abundance,6,0.015,0.01
D09,High,Class_Deltaproteobacteria,Abundance,6,0.014,0.017
D09,Low,Class_Deltaproteobacteria,Abundance,6,0.045,0.032
D09,Medium,Class_Deltaproteobacteria,Abundance,6,0.013,0.013
D02,Control,Clostridium_XVIII,Abundance,6,0,0
D02,High,Clostridium_XVIII,Abundance,6,0,0
D02,Low,Clostridium_XVIII,Abundance,6,0,0.001
D02,Medium,Clostridium_XVIII,Abundance,6,0,0
D05,Control,Clostridium_XVIII,Abundance,6,0.009,0.023
D05,High,Clostridium_XVIII,Abundance,6,0,0
D05,Low,Clostridium_XVIII,Abundance,6,0,0
D05,Medium,Clostridium_XVIII,Abundance,6,0,0
D09,Control,Clostridium_XVIII,Abundance,6,0,0
D09,High,Clostridium_XVIII,Abundance,6,0,0
D09,Low,Clostridium_XVIII,Abundance,6,0.002,0.003
D09,Medium,Clostridium_XVIII,Abundance,6,0.001,0.002
D02,Control,Colidextribacter,Abundance,6,0.046,0.025
D02,High,Colidextribacter,Abundance,6,0.042,0.02
D02,Low,Colidextribacter,Abundance,6,0.053,0.024
D02,Medium,Colidextribacter,Abundance,6,0.045,0.018
D05,Control,Colidextribacter,Abundance,6,0.054,0.03
D05,High,Colidextribacter,Abundance,6,0.043,0.024
D05,Low,Colidextribacter,Abundance,6,0.068,0.033
D05,Medium,Colidextribacter,Abundance,6,0.058,0.028
D09,Control,Colidextribacter,Abundance,6,0.039,0.02
D09,High,Colidextribacter,Abundance,6,0.032,0.01
D09,Low,Colidextribacter,Abundance,6,0.049,0.042
D09,Medium,Colidextribacter,Abundance,6,0.043,0.016
D02,Control,Duncaniella,Abundance,6,17.214,7.795
D02,High,Duncaniella,Abundance,6,13.191,6.577
D02,Low,Duncaniella,Abundance,6,13.738,7.084
D02,Medium,Duncaniella,Abundance,6,13.36,3.017
D05,Control,Duncaniella,Abundance,6,13.075,7.522
D05,High,Duncaniella,Abundance,6,15.357,7.354
D05,Low,Duncaniella,Abundance,6,17.346,7.108
D05,Medium,Duncaniella,Abundance,6,14.76,9.021
D09,Control,Duncaniella,Abundance,6,16.374,8.96
D09,High,Duncaniella,Abundance,6,15.002,8.656
D09,Low,Duncaniella,Abundance,6,14.406,7.193
D09,Medium,Duncaniella,Abundance,6,22.36,13.153
D02,Control,Dysosmobacter,Abundance,6,0.028,0.021
D02,High,Dysosmobacter,Abundance,6,0.069,0.064
D02,Low,Dysosmobacter,Abundance,6,0.051,0.047
D02,Medium,Dysosmobacter,Abundance,6,0.046,0.054
D05,Control,Dysosmobacter,Abundance,6,0.049,0.044
D05,High,Dysosmobacter,Abundance,6,0.034,0.028
D05,Low,Dysosmobacter,Abundance,6,0.043,0.03
D05,Medium,Dysosmobacter,Abundance,6,0.025,0.02
D09,Control,Dysosmobacter,Abundance,6,0.023,0.031
D09,High,Dysosmobacter,Abundance,6,0.024,0.016
D09,Low,Dysosmobacter,Abundance,6,0.027,0.027
D09,Medium,Dysosmobacter,Abundance,6,0.019,0.012
D02,Control,Enterococcus,Abundance,6,0.002,0.003
D02,High,Enterococcus,Abundance,6,0.002,0.002
D02,Low,Enterococcus,Abundance,6,0.003,0.004
D02,Medium,Enterococcus,Abundance,6,0.002,0.004
D05,Control,Enterococcus,Abundance,6,0.01,0.021
D05,High,Enterococcus,Abundance,6,0.009,0.022
D05,Low,Enterococcus,Abundance,6,0.001,0.002
D05,Medium,Enterococcus,Abundance,6,0.002,0.004
D09,Control,Enterococcus,Abundance,6,0.009,0.012
D09,High,Enterococcus,Abundance,6,0,0
D09,Low,Enterococcus,Abundance,6,0.003,0.005
D09,Medium,Enterococcus,Abundance,6,0.002,0.002
D02,Control,Enteroscipio,Abundance,6,0.013,0.018
D02,High,Enteroscipio,Abundance,6,0.069,0.092
D02,Low,Enteroscipio,Abundance,6,0.019,0.017
D02,Medium,Enteroscipio,Abundance,6,0.119,0.218
D05,Control,Enteroscipio,Abundance,6,0.024,0.024
D05,High,Enteroscipio,Abundance,6,0.07,0.078
D05,Low,Enteroscipio,Abundance,6,0.038,0.022
D05,Medium,Enteroscipio,Abundance,6,0.094,0.106
D09,Control,Enteroscipio,Abundance,6,0.061,0.084
D09,High,Enteroscipio,Abundance,6,0.053,0.034
D09,Low,Enteroscipio,Abundance,6,0.091,0.074
D09,Medium,Enteroscipio,Abundance,6,0.027,0.026
D02,Control,Escherichia/Shigella,Abundance,6,0,0.001
D02,High,Escherichia/Shigella,Abundance,6,0.001,0.002
D02,Low,Escherichia/Shigella,Abundance,6,0.002,0.001
D02,Medium,Escherichia/Shigella,Abundance,6,0.002,0.003
D05,Control,Escherichia/Shigella,Abundance,6,0.001,0.002
D05,High,Escherichia/Shigella,Abundance,6,0.002,0.004
D05,Low,Escherichia/Shigella,Abundance,6,0.005,0.009
D05,Medium,Escherichia/Shigella,Abundance,6,0.004,0.005
D09,Control,Escherichia/Shigella,Abundance,6,0.001,0.001
D09,High,Escherichia/Shigella,Abundance,6,0,0.001
D09,Low,Escherichia/Shigella,Abundance,6,0.002,0.003
D09,Medium,Escherichia/Shigella,Abundance,6,0.004,0.004
D02,Control,Eubacterium,Abundance,6,0.45,0.243
D02,High,Eubacterium,Abundance,6,0.231,0.077
D02,Low,Eubacterium,Abundance,6,0.441,0.36
D02,Medium,Eubacterium,Abundance,6,0.536,0.519
D05,Control,Eubacterium,Abundance,6,0.436,0.335
D05,High,Eubacterium,Abundance,6,0.289,0.185
D05,Low,Eubacterium,Abundance,6,0.326,0.219
D05,Medium,Eubacterium,Abundance,6,0.531,0.272
D09,Control,Eubacterium,Abundance,6,0.396,0.196
D09,High,Eubacterium,Abundance,6,0.326,0.218
D09,Low,Eubacterium,Abundance,6,0.75,0.799
D09,Medium,Eubacterium,Abundance,6,0.353,0.271
D02,Control,Faecalibaculum,Abundance,6,0,0.001
D02,High,Faecalibaculum,Abundance,6,0,0.001
D02,Low,Faecalibaculum,Abundance,6,0.001,0.001
D02,Medium,Faecalibaculum,Abundance,6,0.001,0.002
D05,Control,Faecalibaculum,Abundance,6,0,0.001
D05,High,Faecalibaculum,Abundance,6,0.001,0.002
D05,Low,Faecalibaculum,Abundance,6,0,0
D05,Medium,Faecalibaculum,Abundance,6,0.005,0.01
D09,Control,Faecalibaculum,Abundance,6,0.002,0.005
D09,High,Faecalibaculum,Abundance,6,0,0
D09,Low,Faecalibaculum,Abundance,6,0.003,0.004
D09,Medium,Faecalibaculum,Abundance,6,0.017,0.03
D02,Control,Faecalicatena,Abundance,6,0.126,0.083
D02,High,Faecalicatena,Abundance,6,0.468,0.544
D02,Low,Faecalicatena,Abundance,6,0.174,0.096
D02,Medium,Faecalicatena,Abundance,6,0.224,0.155
D05,Control,Faecalicatena,Abundance,6,0.145,0.139
D05,High,Faecalicatena,Abundance,6,0.258,0.17
D05,Low,Faecalicatena,Abundance,6,0.174,0.097
D05,Medium,Faecalicatena,Abundance,6,0.287,0.234
D09,Control,Faecalicatena,Abundance,6,0.149,0.103
D09,High,Faecalicatena,Abundance,6,1.246,1.323
D09,Low,Faecalicatena,Abundance,6,0.569,0.464
D09,Medium,Faecalicatena,Abundance,6,0.498,0.402
D02,Control,Family_Bacillaceae_1,Abundance,6,0,0.001
D02,High,Family_Bacillaceae_1,Abundance,6,0,0
D02,Low,Family_Bacillaceae_1,Abundance,6,0,0.001
D02,Medium,Family_Bacillaceae_1,Abundance,6,0.002,0.003
D05,Control,Family_Bacillaceae_1,Abundance,6,0.001,0.002
D05,High,Family_Bacillaceae_1,Abundance,6,0.001,0.001
D05,Low,Family_Bacillaceae_1,Abundance,6,0.001,0.002
D05,Medium,Family_Bacillaceae_1,Abundance,6,0,0
D09,Control,Family_Bacillaceae_1,Abundance,6,0,0
D09,High,Family_Bacillaceae_1,Abundance,6,0,0
D09,Low,Family_Bacillaceae_1,Abundance,6,0,0
D09,Medium,Family_Bacillaceae_1,Abundance,6,0,0
D02,Control,Family_Chitinophagaceae,Abundance,6,0,0
D02,High,Family_Chitinophagaceae,Abundance,6,0,0.001
D02,Low,Family_Chitinophagaceae,Abundance,6,0,0
D02,Medium,Family_Chitinophagaceae,Abundance,6,0,0.001
D05,Control,Family_Chitinophagaceae,Abundance,6,0,0.001
D05,High,Family_Chitinophagaceae,Abundance,6,0,0
D05,Low,Family_Chitinophagaceae,Abundance,6,0,0
D05,Medium,Family_Chitinophagaceae,Abundance,6,0.001,0.001
D09,Control,Family_Chitinophagaceae,Abundance,6,0,0
D09,High,Family_Chitinophagaceae,Abundance,6,0,0
D09,Low,Family_Chitinophagaceae,Abundance,6,0,0
D09,Medium,Family_Chitinophagaceae,Abundance,6,0.001,0.001
D02,Control,Family_Clostridiaceae_1,Abundance,6,0.007,0.014
D02,High,Family_Clostridiaceae_1,Abundance,6,0.163,0.368
D02,Low,Family_Clostridiaceae_1,Abundance,6,0.003,0.004
D02,Medium,Family_Clostridiaceae_1,Abundance,6,0.016,0.031
D05,Control,Family_Clostridiaceae_1,Abundance,6,0.008,0.018
D05,High,Family_Clostridiaceae_1,Abundance,6,0.005,0.012
D05,Low,Family_Clostridiaceae_1,Abundance,6,0.019,0.047
D05,Medium,Family_Clostridiaceae_1,Abundance,6,0.043,0.084
D09,Control,Family_Clostridiaceae_1,Abundance,6,1.367,3.348
D09,High,Family_Clostridiaceae_1,Abundance,6,0.997,2.404
D09,Low,Family_Clostridiaceae_1,Abundance,6,0.034,0.059
D09,Medium,Family_Clostridiaceae_1,Abundance,6,0.308,0.524
D02,Control,Family_Desulfovibrionaceae,Abundance,6,0.674,0.712
D02,High,Family_Desulfovibrionaceae,Abundance,6,1.04,0.939
D02,Low,Family_Desulfovibrionaceae,Abundance,6,0.697,0.483
D02,Medium,Family_Desulfovibrionaceae,Abundance,6,0.635,0.307
D05,Control,Family_Desulfovibrionaceae,Abundance,6,0.926,0.735
D05,High,Family_Desulfovibrionaceae,Abundance,6,0.71,0.513
D05,Low,Family_Desulfovibrionaceae,Abundance,6,0.645,0.288
D05,Medium,Family_Desulfovibrionaceae,Abundance,6,0.68,0.582
D09,Control,Family_Desulfovibrionaceae,Abundance,6,0.652,0.705
D09,High,Family_Desulfovibrionaceae,Abundance,6,0.428,0.469
D09,Low,Family_Desulfovibrionaceae,Abundance,6,0.333,0.274
D09,Medium,Family_Desulfovibrionaceae,Abundance,6,0.332,0.352
D02,Control,Family_Eggerthellaceae,Abundance,6,0.228,0.096
D02,High,Family_Eggerthellaceae,Abundance,6,0.323,0.213
D02,Low,Family_Eggerthellaceae,Abundance,6,0.382,0.335
D02,Medium,Family_Eggerthellaceae,Abundance,6,0.393,0.295
D05,Control,Family_Eggerthellaceae,Abundance,6,0.215,0.176
D05,High,Family_Eggerthellaceae,Abundance,6,0.195,0.186
D05,Low,Family_Eggerthellaceae,Abundance,6,0.39,0.213
D05,Medium,Family_Eggerthellaceae,Abundance,6,0.49,0.281
D09,Control,Family_Eggerthellaceae,Abundance,6,0.347,0.274
D09,High,Family_Eggerthellaceae,Abundance,6,0.228,0.096
D09,Low,Family_Eggerthellaceae,Abundance,6,0.631,0.694
D09,Medium,Family_Eggerthellaceae,Abundance,6,0.781,0.788
D02,Control,Family_Erysipelotrichaceae,Abundance,6,0.014,0.012
D02,High,Family_Erysipelotrichaceae,Abundance,6,0.158,0.225
D02,Low,Family_Erysipelotrichaceae,Abundance,6,0.029,0.018
D02,Medium,Family_Erysipelotrichaceae,Abundance,6,0.062,0.063
D05,Control,Family_Erysipelotrichaceae,Abundance,6,0.049,0.092
D05,High,Family_Erysipelotrichaceae,Abundance,6,0.087,0.098
D05,Low,Family_Erysipelotrichaceae,Abundance,6,0.043,0.028
D05,Medium,Family_Erysipelotrichaceae,Abundance,6,0.043,0.057
D09,Control,Family_Erysipelotrichaceae,Abundance,6,0.052,0.061
D09,High,Family_Erysipelotrichaceae,Abundance,6,0.9,0.338
D09,Low,Family_Erysipelotrichaceae,Abundance,6,0.642,0.401
D09,Medium,Family_Erysipelotrichaceae,Abundance,6,0.835,0.625
D02,Control,Family_Lachnospiraceae,Abundance,6,33.529,19.057
D02,High,Family_Lachnospiraceae,Abundance,6,33.943,13.913
D02,Low,Family_Lachnospiraceae,Abundance,6,36.84,21.905
D02,Medium,Family_Lachnospiraceae,Abundance,6,31.377,11.116
D05,Control,Family_Lachnospiraceae,Abundance,6,43.98,12.451
D05,High,Family_Lachnospiraceae,Abundance,6,27.823,14.33
D05,Low,Family_Lachnospiraceae,Abundance,6,32.554,20.008
D05,Medium,Family_Lachnospiraceae,Abundance,6,32.426,19.44
D09,Control,Family_Lachnospiraceae,Abundance,6,36.873,20.32
D09,High,Family_Lachnospiraceae,Abundance,6,39.641,23.094
D09,Low,Family_Lachnospiraceae,Abundance,6,31.397,21.987
D09,Medium,Family_Lachnospiraceae,Abundance,6,33.494,15.495
D02,Control,Family_Muribaculaceae,Abundance,6,10.435,5.36
D02,High,Family_Muribaculaceae,Abundance,6,14.383,5.425
D02,Low,Family_Muribaculaceae,Abundance,6,10.913,6.522
D02,Medium,Family_Muribaculaceae,Abundance,6,10.078,2.651
D05,Control,Family_Muribaculaceae,Abundance,6,6.974,3.155
D05,High,Family_Muribaculaceae,Abundance,6,19.195,7.504
D05,Low,Family_Muribaculaceae,Abundance,6,12.273,6.653
D05,Medium,Family_Muribaculaceae,Abundance,6,10.756,6.598
D09,Control,Family_Muribaculaceae,Abundance,6,6.752,3.501
D09,High,Family_Muribaculaceae,Abundance,6,11.837,7.535
D09,Low,Family_Muribaculaceae,Abundance,6,15.964,8.399
D09,Medium,Family_Muribaculaceae,Abundance,6,9.587,3.369
D02,Control,Family_Rikenellaceae,Abundance,6,0.797,0.258
D02,High,Family_Rikenellaceae,Abundance,6,0.535,0.488
D02,Low,Family_Rikenellaceae,Abundance,6,1.413,2.033
D02,Medium,Family_Rikenellaceae,Abundance,6,0.891,0.649
D05,Control,Family_Rikenellaceae,Abundance,6,0.899,0.807
D05,High,Family_Rikenellaceae,Abundance,6,1.29,0.768
D05,Low,Family_Rikenellaceae,Abundance,6,0.701,0.749
D05,Medium,Family_Rikenellaceae,Abundance,6,1.144,1.221
D09,Control,Family_Rikenellaceae,Abundance,6,0.324,0.216
D09,High,Family_Rikenellaceae,Abundance,6,0.177,0.196
D09,Low,Family_Rikenellaceae,Abundance,6,0.271,0.3
D09,Medium,Family_Rikenellaceae,Abundance,6,0.155,0.14
D02,Control,Family_Ruminococcaceae,Abundance,6,5.122,2.051
D02,High,Family_Ruminococcaceae,Abundance,6,4.825,2.033
D02,Low,Family_Ruminococcaceae,Abundance,6,4.273,1.348
D02,Medium,Family_Ruminococcaceae,Abundance,6,4.833,2.377
D05,Control,Family_Ruminococcaceae,Abundance,6,5.294,2.045
D05,High,Family_Ruminococcaceae,Abundance,6,3.23,1.132
D05,Low,Family_Ruminococcaceae,Abundance,6,3.804,0.598
D05,Medium,Family_Ruminococcaceae,Abundance,6,4.251,1.886
D09,Control,Family_Ruminococcaceae,Abundance,6,4.483,4.174
D09,High,Family_Ruminococcaceae,Abundance,6,2.936,2.051
D09,Low,Family_Ruminococcaceae,Abundance,6,3.036,2.011
D09,Medium,Family_Ruminococcaceae,Abundance,6,3.02,1.58
D02,Control,Family_Sphingomonadaceae,Abundance,6,0,0
D02,High,Family_Sphingomonadaceae,Abundance,6,0,0
D02,Low,Family_Sphingomonadaceae,Abundance,6,0,0.001
D02,Medium,Family_Sphingomonadaceae,Abundance,6,0.001,0.002
D05,Control,Family_Sphingomonadaceae,Abundance,6,0,0
D05,High,Family_Sphingomonadaceae,Abundance,6,0.001,0.003
D05,Low,Family_Sphingomonadaceae,Abundance,6,0.001,0.001
D05,Medium,Family_Sphingomonadaceae,Abundance,6,0,0
D09,Control,Family_Sphingomonadaceae,Abundance,6,0,0.001
D09,High,Family_Sphingomonadaceae,Abundance,6,0,0
D09,Low,Family_Sphingomonadaceae,Abundance,6,0,0
D09,Medium,Family_Sphingomonadaceae,Abundance,6,0.003,0.007
D02,Control,Flavonifractor,Abundance,6,0.057,0.022
D02,High,Flavonifractor,Abundance,6,0.047,0.036
D02,Low,Flavonifractor,Abundance,6,0.052,0.02
D02,Medium,Flavonifractor,Abundance,6,0.068,0.021
D05,Control,Flavonifractor,Abundance,6,0.066,0.032
D05,High,Flavonifractor,Abundance,6,0.031,0.019
D05,Low,Flavonifractor,Abundance,6,0.046,0.031
D05,Medium,Flavonifractor,Abundance,6,0.075,0.062
D09,Control,Flavonifractor,Abundance,6,0.07,0.032
D09,High,Flavonifractor,Abundance,6,0.026,0.009
D09,Low,Flavonifractor,Abundance,6,0.029,0.011
D09,Medium,Flavonifractor,Abundance,6,0.031,0.017
D02,Control,Herbinix,Abundance,6,0.067,0.154
D02,High,Herbinix,Abundance,6,0.035,0.07
D02,Low,Herbinix,Abundance,6,0.038,0.076
D02,Medium,Herbinix,Abundance,6,0.058,0.13
D05,Control,Herbinix,Abundance,6,0.052,0.075
D05,High,Herbinix,Abundance,6,0.006,0.01
D05,Low,Herbinix,Abundance,6,0.092,0.201
D05,Medium,Herbinix,Abundance,6,0.011,0.012
D09,Control,Herbinix,Abundance,6,0.027,0.064
D09,High,Herbinix,Abundance,6,0.005,0.006
D09,Low,Herbinix,Abundance,6,0.065,0.141
D09,Medium,Herbinix,Abundance,6,0.004,0.003
D02,Control,Holdemania,Abundance,6,0.064,0.067
D02,High,Holdemania,Abundance,6,0.042,0.048
D02,Low,Holdemania,Abundance,6,0.056,0.041
D02,Medium,Holdemania,Abundance,6,0.029,0.027
D05,Control,Holdemania,Abundance,6,0.059,0.039
D05,High,Holdemania,Abundance,6,0.041,0.027
D05,Low,Holdemania,Abundance,6,0.087,0.051
D05,Medium,Holdemania,Abundance,6,0.041,0.039
D09,Control,Holdemania,Abundance,6,0.031,0.012
D09,High,Holdemania,Abundance,6,0.09,0.097
D09,Low,Holdemania,Abundance,6,0.117,0.06
D09,Medium,Holdemania,Abundance,6,0.115,0.059
D02,Control,Ihubacter,Abundance,6,0.1,0.078
D02,High,Ihubacter,Abundance,6,0.126,0.079
D02,Low,Ihubacter,Abundance,6,0.07,0.055
D02,Medium,Ihubacter,Abundance,6,0.075,0.046
D05,Control,Ihubacter,Abundance,6,0.068,0.058
D05,High,Ihubacter,Abundance,6,0.11,0.048
D05,Low,Ihubacter,Abundance,6,0.093,0.048
D05,Medium,Ihubacter,Abundance,6,0.056,0.029
D09,Control,Ihubacter,Abundance,6,0.102,0.075
D09,High,Ihubacter,Abundance,6,0.13,0.072
D09,Low,Ihubacter,Abundance,6,0.132,0.074
D09,Medium,Ihubacter,Abundance,6,0.133,0.064
D02,Control,Intestinimonas,Abundance,6,2.142,0.756
D02,High,Intestinimonas,Abundance,6,2.342,1.593
D02,Low,Intestinimonas,Abundance,6,1.935,0.672
D02,Medium,Intestinimonas,Abundance,6,1.562,0.847
D05,Control,Intestinimonas,Abundance,6,2.251,0.749
D05,High,Intestinimonas,Abundance,6,2.008,1.442
D05,Low,Intestinimonas,Abundance,6,1.635,0.681
D05,Medium,Intestinimonas,Abundance,6,1.9,1.322
D09,Control,Intestinimonas,Abundance,6,2.337,2.799
D09,High,Intestinimonas,Abundance,6,1.295,0.832
D09,Low,Intestinimonas,Abundance,6,1.409,0.718
D09,Medium,Intestinimonas,Abundance,6,1.202,0.835
D02,Control,Lachnospira,Abundance,6,0.019,0.018
D02,High,Lachnospira,Abundance,6,0.05,0.076
D02,Low,Lachnospira,Abundance,6,0.043,0.055
D02,Medium,Lachnospira,Abundance,6,0.031,0.025
D05,Control,Lachnospira,Abundance,6,0.024,0.044
D05,High,Lachnospira,Abundance,6,0.021,0.024
D05,Low,Lachnospira,Abundance,6,0.044,0.045
D05,Medium,Lachnospira,Abundance,6,0.029,0.046
D09,Control,Lachnospira,Abundance,6,0.029,0.03
D09,High,Lachnospira,Abundance,6,0.021,0.019
D09,Low,Lachnospira,Abundance,6,0.051,0.061
D09,Medium,Lachnospira,Abundance,6,0.016,0.019
D02,Control,Lacrimispora,Abundance,6,0.108,0.144
D02,High,Lacrimispora,Abundance,6,0.141,0.196
D02,Low,Lacrimispora,Abundance,6,0.422,0.546
D02,Medium,Lacrimispora,Abundance,6,0.176,0.223
D05,Control,Lacrimispora,Abundance,6,0.289,0.43
D05,High,Lacrimispora,Abundance,6,0.041,0.074
D05,Low,Lacrimispora,Abundance,6,0.2,0.277
D05,Medium,Lacrimispora,Abundance,6,0.131,0.15
D09,Control,Lacrimispora,Abundance,6,0.224,0.222
D09,High,Lacrimispora,Abundance,6,0.024,0.038
D09,Low,Lacrimispora,Abundance,6,0.184,0.177
D09,Medium,Lacrimispora,Abundance,6,0.109,0.08
D02,Control,Lactobacillus,Abundance,6,0.62,0.557
D02,High,Lactobacillus,Abundance,6,0.509,0.427
D02,Low,Lactobacillus,Abundance,6,3.154,6.528
D02,Medium,Lactobacillus,Abundance,6,1.391,1.745
D05,Control,Lactobacillus,Abundance,6,0.478,0.481
D05,High,Lactobacillus,Abundance,6,0.078,0.137
D05,Low,Lactobacillus,Abundance,6,3.147,3.363
D05,Medium,Lactobacillus,Abundance,6,2.187,3.706
D09,Control,Lactobacillus,Abundance,6,3.199,5.31
D09,High,Lactobacillus,Abundance,6,0.419,0.56
D09,Low,Lactobacillus,Abundance,6,1.282,2.828
D09,Medium,Lactobacillus,Abundance,6,1.304,1.253
D02,Control,Lawsonibacter,Abundance,6,0.031,0.024
D02,High,Lawsonibacter,Abundance,6,0.168,0.283
D02,Low,Lawsonibacter,Abundance,6,0.038,0.029
D02,Medium,Lawsonibacter,Abundance,6,0.048,0.041
D05,Control,Lawsonibacter,Abundance,6,0.042,0.042
D05,High,Lawsonibacter,Abundance,6,0.071,0.112
D05,Low,Lawsonibacter,Abundance,6,0.025,0.027
D05,Medium,Lawsonibacter,Abundance,6,0.059,0.049
D09,Control,Lawsonibacter,Abundance,6,0.021,0.02
D09,High,Lawsonibacter,Abundance,6,0.073,0.09
D09,Low,Lawsonibacter,Abundance,6,0.035,0.033
D09,Medium,Lawsonibacter,Abundance,6,0.033,0.038
D02,Control,Ligilactobacillus,Abundance,6,0.001,0.002
D02,High,Ligilactobacillus,Abundance,6,0.001,0.001
D02,Low,Ligilactobacillus,Abundance,6,0.003,0.004
D02,Medium,Ligilactobacillus,Abundance,6,0.017,0.029
D05,Control,Ligilactobacillus,Abundance,6,0,0.001
D05,High,Ligilactobacillus,Abundance,6,0.002,0.002
D05,Low,Ligilactobacillus,Abundance,6,0.004,0.006
D05,Medium,Ligilactobacillus,Abundance,6,0.005,0.005
D09,Control,Ligilactobacillus,Abundance,6,0.041,0.092
D09,High,Ligilactobacillus,Abundance,6,0.006,0.005
D09,Low,Ligilactobacillus,Abundance,6,0.058,0.063
D09,Medium,Ligilactobacillus,Abundance,6,0.036,0.044
D02,Control,Limosilactobacillus,Abundance,6,1.513,1.563
D02,High,Limosilactobacillus,Abundance,6,0.926,0.934
D02,Low,Limosilactobacillus,Abundance,6,2.005,3.696
D02,Medium,Limosilactobacillus,Abundance,6,2.658,2.946
D05,Control,Limosilactobacillus,Abundance,6,0.853,1.286
D05,High,Limosilactobacillus,Abundance,6,0.14,0.18
D05,Low,Limosilactobacillus,Abundance,6,3.223,3.985
D05,Medium,Limosilactobacillus,Abundance,6,1.975,1.494
D09,Control,Limosilactobacillus,Abundance,6,4.181,5.691
D09,High,Limosilactobacillus,Abundance,6,0.655,0.849
D09,Low,Limosilactobacillus,Abundance,6,2.542,5.088
D09,Medium,Limosilactobacillus,Abundance,6,1.182,1.293
D02,Control,Listeria,Abundance,6,0,0
D02,High,Listeria,Abundance,6,0,0.001
D02,Low,Listeria,Abundance,6,0,0
D02,Medium,Listeria,Abundance,6,0.001,0.003
D05,Control,Listeria,Abundance,6,0.001,0.001
D05,High,Listeria,Abundance,6,0,0.001
D05,Low,Listeria,Abundance,6,0.001,0.002
D05,Medium,Listeria,Abundance,6,0,0.001
D09,Control,Listeria,Abundance,6,0,0
D09,High,Listeria,Abundance,6,0,0
D09,Low,Listeria,Abundance,6,0,0.001
D09,Medium,Listeria,Abundance,6,0,0
D02,Control,Longibaculum,Abundance,6,0.028,0.034
D02,High,Longibaculum,Abundance,6,0.052,0.097
D02,Low,Longibaculum,Abundance,6,0.044,0.061
D02,Medium,Longibaculum,Abundance,6,0.068,0.118
D05,Control,Longibaculum,Abundance,6,0.045,0.062
D05,High,Longibaculum,Abundance,6,0.082,0.125
D05,Low,Longibaculum,Abundance,6,0.086,0.081
D05,Medium,Longibaculum,Abundance,6,0.028,0.031
D09,Control,Longibaculum,Abundance,6,0.066,0.107
D09,High,Longibaculum,Abundance,6,0.303,0.244
D09,Low,Longibaculum,Abundance,6,0.339,0.348
D09,Medium,Longibaculum,Abundance,6,0.204,0.246
D02,Control,Mailhella,Abundance,6,0.222,0.2
D02,High,Mailhella,Abundance,6,0.24,0.342
D02,Low,Mailhella,Abundance,6,0.136,0.104
D02,Medium,Mailhella,Abundance,6,0.303,0.316
D05,Control,Mailhella,Abundance,6,0.118,0.108
D05,High,Mailhella,Abundance,6,0.118,0.073
D05,Low,Mailhella,Abundance,6,0.126,0.08
D05,Medium,Mailhella,Abundance,6,0.258,0.212
D09,Control,Mailhella,Abundance,6,0.13,0.143
D09,High,Mailhella,Abundance,6,0.17,0.184
D09,Low,Mailhella,Abundance,6,0.218,0.243
D09,Medium,Mailhella,Abundance,6,0.322,0.275
D02,Control,Marvinbryantia,Abundance,6,0.087,0.03
D02,High,Marvinbryantia,Abundance,6,0.093,0.132
D02,Low,Marvinbryantia,Abundance,6,0.115,0.035
D02,Medium,Marvinbryantia,Abundance,6,0.083,0.072
D05,Control,Marvinbryantia,Abundance,6,0.091,0.093
D05,High,Marvinbryantia,Abundance,6,0.055,0.057
D05,Low,Marvinbryantia,Abundance,6,0.087,0.057
D05,Medium,Marvinbryantia,Abundance,6,0.086,0.065
D09,Control,Marvinbryantia,Abundance,6,0.047,0.031
D09,High,Marvinbryantia,Abundance,6,0.066,0.109
D09,Low,Marvinbryantia,Abundance,6,0.048,0.031
D09,Medium,Marvinbryantia,Abundance,6,0.021,0.016
D02,Control,Massiliimalia,Abundance,6,0.024,0.014
D02,High,Massiliimalia,Abundance,6,0.029,0.014
D02,Low,Massiliimalia,Abundance,6,0.02,0.01
D02,Medium,Massiliimalia,Abundance,6,0.019,0.014
D05,Control,Massiliimalia,Abundance,6,0.029,0.023
D05,High,Massiliimalia,Abundance,6,0.019,0.016
D05,Low,Massiliimalia,Abundance,6,0.022,0.011
D05,Medium,Massiliimalia,Abundance,6,0.028,0.02
D09,Control,Massiliimalia,Abundance,6,0.022,0.014
D09,High,Massiliimalia,Abundance,6,0.021,0.019
D09,Low,Massiliimalia,Abundance,6,0.03,0.015
D09,Medium,Massiliimalia,Abundance,6,0.013,0.008
D02,Control,Monoglobus,Abundance,6,0.025,0.019
D02,High,Monoglobus,Abundance,6,0.019,0.019
D02,Low,Monoglobus,Abundance,6,0.009,0.01
D02,Medium,Monoglobus,Abundance,6,0.012,0.007
D05,Control,Monoglobus,Abundance,6,0.024,0.024
D05,High,Monoglobus,Abundance,6,0.012,0.011
D05,Low,Monoglobus,Abundance,6,0.009,0.01
D05,Medium,Monoglobus,Abundance,6,0.01,0.006
D09,Control,Monoglobus,Abundance,6,0.015,0.008
D09,High,Monoglobus,Abundance,6,0.008,0.01
D09,Low,Monoglobus,Abundance,6,0.004,0.007
D09,Medium,Monoglobus,Abundance,6,0.005,0.004
D02,Control,Mucispirillum,Abundance,6,0.003,0.004
D02,High,Mucispirillum,Abundance,6,0.076,0.091
D02,Low,Mucispirillum,Abundance,6,0.022,0.049
D02,Medium,Mucispirillum,Abundance,6,0.079,0.153
D05,Control,Mucispirillum,Abundance,6,0.023,0.042
D05,High,Mucispirillum,Abundance,6,0.041,0.074
D05,Low,Mucispirillum,Abundance,6,0.007,0.006
D05,Medium,Mucispirillum,Abundance,6,0.014,0.016
D09,Control,Mucispirillum,Abundance,6,0.002,0.005
D09,High,Mucispirillum,Abundance,6,0.022,0.025
D09,Low,Mucispirillum,Abundance,6,0.021,0.041
D09,Medium,Mucispirillum,Abundance,6,0.011,0.019
D02,Control,Neglecta,Abundance,6,0.21,0.129
D02,High,Neglecta,Abundance,6,0.27,0.139
D02,Low,Neglecta,Abundance,6,0.199,0.066
D02,Medium,Neglecta,Abundance,6,0.208,0.138
D05,Control,Neglecta,Abundance,6,0.138,0.05
D05,High,Neglecta,Abundance,6,0.275,0.178
D05,Low,Neglecta,Abundance,6,0.178,0.094
D05,Medium,Neglecta,Abundance,6,0.261,0.099
D09,Control,Neglecta,Abundance,6,0.21,0.314
D09,High,Neglecta,Abundance,6,0.199,0.122
D09,Low,Neglecta,Abundance,6,0.165,0.083
D09,Medium,Neglecta,Abundance,6,0.167,0.1
D02,Control,Odoribacter,Abundance,6,0.15,0.081
D02,High,Odoribacter,Abundance,6,0.203,0.173
D02,Low,Odoribacter,Abundance,6,0.155,0.105
D02,Medium,Odoribacter,Abundance,6,0.175,0.086
D05,Control,Odoribacter,Abundance,6,0.116,0.085
D05,High,Odoribacter,Abundance,6,0.097,0.052
D05,Low,Odoribacter,Abundance,6,0.086,0.052
D05,Medium,Odoribacter,Abundance,6,0.195,0.18
D09,Control,Odoribacter,Abundance,6,0.146,0.249
D09,High,Odoribacter,Abundance,6,0.047,0.033
D09,Low,Odoribacter,Abundance,6,0.066,0.041
D09,Medium,Odoribacter,Abundance,6,0.028,0.022
D02,Control,Olsenella,Abundance,6,0,0
D02,High,Olsenella,Abundance,6,0.032,0.077
D02,Low,Olsenella,Abundance,6,0.015,0.028
D02,Medium,Olsenella,Abundance,6,0.017,0.042
D05,Control,Olsenella,Abundance,6,0,0
D05,High,Olsenella,Abundance,6,0.001,0.002
D05,Low,Olsenella,Abundance,6,0.01,0.022
D05,Medium,Olsenella,Abundance,6,0.075,0.183
D09,Control,Olsenella,Abundance,6,0,0
D09,High,Olsenella,Abundance,6,0.006,0.016
D09,Low,Olsenella,Abundance,6,0.044,0.083
D09,Medium,Olsenella,Abundance,6,0.004,0.007
D02,Control,Order_Bacteroidales,Abundance,6,5.462,4.736
D02,High,Order_Bacteroidales,Abundance,6,3.927,2.677
D02,Low,Order_Bacteroidales,Abundance,6,4.887,3.268
D02,Medium,Order_Bacteroidales,Abundance,6,8.328,9.462
D05,Control,Order_Bacteroidales,Abundance,6,3.395,2.014
D05,High,Order_Bacteroidales,Abundance,6,4.309,2.38
D05,Low,Order_Bacteroidales,Abundance,6,5.372,3.56
D05,Medium,Order_Bacteroidales,Abundance,6,5.696,4.175
D09,Control,Order_Bacteroidales,Abundance,6,4.769,3.19
D09,High,Order_Bacteroidales,Abundance,6,4.482,4.873
D09,Low,Order_Bacteroidales,Abundance,6,4.15,3.605
D09,Medium,Order_Bacteroidales,Abundance,6,4.623,2.431
D02,Control,Order_Clostridiales,Abundance,6,2.059,0.554
D02,High,Order_Clostridiales,Abundance,6,3.279,3.62
D02,Low,Order_Clostridiales,Abundance,6,1.499,0.636
D02,Medium,Order_Clostridiales,Abundance,6,2.402,0.642
D05,Control,Order_Clostridiales,Abundance,6,1.853,0.871
D05,High,Order_Clostridiales,Abundance,6,3.112,2.116
D05,Low,Order_Clostridiales,Abundance,6,2.664,2.414
D05,Medium,Order_Clostridiales,Abundance,6,3.192,2.621
D09,Control,Order_Clostridiales,Abundance,6,1.404,0.737
D09,High,Order_Clostridiales,Abundance,6,1.221,1.065
D09,Low,Order_Clostridiales,Abundance,6,1.538,1.431
D09,Medium,Order_Clostridiales,Abundance,6,2.605,1.148
D02,Control,Order_Rhodospirillales,Abundance,6,0.007,0.01
D02,High,Order_Rhodospirillales,Abundance,6,0.015,0.017
D02,Low,Order_Rhodospirillales,Abundance,6,0.012,0.01
D02,Medium,Order_Rhodospirillales,Abundance,6,0.025,0.036
D05,Control,Order_Rhodospirillales,Abundance,6,0.005,0.008
D05,High,Order_Rhodospirillales,Abundance,6,0.038,0.024
D05,Low,Order_Rhodospirillales,Abundance,6,0.037,0.043
D05,Medium,Order_Rhodospirillales,Abundance,6,0.048,0.07
D09,Control,Order_Rhodospirillales,Abundance,6,0.004,0.008
D09,High,Order_Rhodospirillales,Abundance,6,0.006,0.008
D09,Low,Order_Rhodospirillales,Abundance,6,0.005,0.007
D09,Medium,Order_Rhodospirillales,Abundance,6,0.01,0.007
D02,Control,Oribacterium,Abundance,6,0.019,0.016
D02,High,Oribacterium,Abundance,6,0.004,0.008
D02,Low,Oribacterium,Abundance,6,0.022,0.029
D02,Medium,Oribacterium,Abundance,6,0.036,0.052
D05,Control,Oribacterium,Abundance,6,0.013,0.018
D05,High,Oribacterium,Abundance,6,0,0
D05,Low,Oribacterium,Abundance,6,0.009,0.011
D05,Medium,Oribacterium,Abundance,6,0.024,0.053
D09,Control,Oribacterium,Abundance,6,0.004,0.009
D09,High,Oribacterium,Abundance,6,0.001,0.003
D09,Low,Oribacterium,Abundance,6,0.028,0.048
D09,Medium,Oribacterium,Abundance,6,0.007,0.013
D02,Control,Oscillibacter,Abundance,6,1.797,1.106
D02,High,Oscillibacter,Abundance,6,2.11,1.104
D02,Low,Oscillibacter,Abundance,6,1.85,0.85
D02,Medium,Oscillibacter,Abundance,6,1.767,0.949
D05,Control,Oscillibacter,Abundance,6,2.473,0.774
D05,High,Oscillibacter,Abundance,6,2.609,2.27
D05,Low,Oscillibacter,Abundance,6,1.697,0.681
D05,Medium,Oscillibacter,Abundance,6,2.102,1.34
D09,Control,Oscillibacter,Abundance,6,1.823,1.33
D09,High,Oscillibacter,Abundance,6,1.462,1.323
D09,Low,Oscillibacter,Abundance,6,1.198,0.417
D09,Medium,Oscillibacter,Abundance,6,1.099,0.619
D02,Control,Parabacteroides,Abundance,6,0.033,0.022
D02,High,Parabacteroides,Abundance,6,0.119,0.179
D02,Low,Parabacteroides,Abundance,6,0.039,0.037
D02,Medium,Parabacteroides,Abundance,6,0.054,0.029
D05,Control,Parabacteroides,Abundance,6,0.018,0.014
D05,High,Parabacteroides,Abundance,6,0.247,0.28
D05,Low,Parabacteroides,Abundance,6,0.05,0.021
D05,Medium,Parabacteroides,Abundance,6,0.107,0.082
D09,Control,Parabacteroides,Abundance,6,0.063,0.078
D09,High,Parabacteroides,Abundance,6,0.203,0.125
D09,Low,Parabacteroides,Abundance,6,0.202,0.123
D09,Medium,Parabacteroides,Abundance,6,0.337,0.309
D02,Control,Paramuribaculum,Abundance,6,4.482,2.688
D02,High,Paramuribaculum,Abundance,6,4.411,1.889
D02,Low,Paramuribaculum,Abundance,6,3.852,2.41
D02,Medium,Paramuribaculum,Abundance,6,5.005,2.313
D05,Control,Paramuribaculum,Abundance,6,2.807,1.039
D05,High,Paramuribaculum,Abundance,6,5.694,2.748
D05,Low,Paramuribaculum,Abundance,6,4.371,2.407
D05,Medium,Paramuribaculum,Abundance,6,4.843,3.389
D09,Control,Paramuribaculum,Abundance,6,4.045,2.361
D09,High,Paramuribaculum,Abundance,6,6.419,5.531
D09,Low,Paramuribaculum,Abundance,6,5.282,6.241
D09,Medium,Paramuribaculum,Abundance,6,4.642,2.049
D02,Control,Peptococcus,Abundance,6,0.088,0.064
D02,High,Peptococcus,Abundance,6,0.081,0.153
D02,Low,Peptococcus,Abundance,6,0.007,0.011
D02,Medium,Peptococcus,Abundance,6,0.121,0.156
D05,Control,Peptococcus,Abundance,6,0.105,0.115
D05,High,Peptococcus,Abundance,6,0.045,0.08
D05,Low,Peptococcus,Abundance,6,0.033,0.082
D05,Medium,Peptococcus,Abundance,6,0.077,0.112
D09,Control,Peptococcus,Abundance,6,0.045,0.054
D09,High,Peptococcus,Abundance,6,0.099,0.163
D09,Low,Peptococcus,Abundance,6,0.016,0.039
D09,Medium,Peptococcus,Abundance,6,0.061,0.062
D02,Control,Phocaeicola,Abundance,6,0.211,0.158
D02,High,Phocaeicola,Abundance,6,0.316,0.263
D02,Low,Phocaeicola,Abundance,6,0.075,0.081
D02,Medium,Phocaeicola,Abundance,6,0.259,0.288
D05,Control,Phocaeicola,Abundance,6,0.056,0.037
D05,High,Phocaeicola,Abundance,6,1.789,1.318
D05,Low,Phocaeicola,Abundance,6,0.204,0.18
D05,Medium,Phocaeicola,Abundance,6,0.568,0.467
D09,Control,Phocaeicola,Abundance,6,0.088,0.08
D09,High,Phocaeicola,Abundance,6,1.301,0.874
D09,Low,Phocaeicola,Abundance,6,1.01,0.635
D09,Medium,Phocaeicola,Abundance,6,1.419,1.659
D02,Control,Phylum_Bacteroidetes,Abundance,6,0.001,0.001
D02,High,Phylum_Bacteroidetes,Abundance,6,0.003,0.003
D02,Low,Phylum_Bacteroidetes,Abundance,6,0.002,0.002
D02,Medium,Phylum_Bacteroidetes,Abundance,6,0.001,0.001
D05,Control,Phylum_Bacteroidetes,Abundance,6,0.002,0.002
D05,High,Phylum_Bacteroidetes,Abundance,6,0.003,0.002
D05,Low,Phylum_Bacteroidetes,Abundance,6,0.002,0.002
D05,Medium,Phylum_Bacteroidetes,Abundance,6,0.002,0.002
D09,Control,Phylum_Bacteroidetes,Abundance,6,0,0.001
D09,High,Phylum_Bacteroidetes,Abundance,6,0.002,0.002
D09,Low,Phylum_Bacteroidetes,Abundance,6,0.001,0.002
D09,Medium,Phylum_Bacteroidetes,Abundance,6,0.001,0.001
D02,Control,Phylum_Candidatus_Saccharibacteria,Abundance,6,0.242,0.47
D02,High,Phylum_Candidatus_Saccharibacteria,Abundance,6,0.004,0.004
D02,Low,Phylum_Candidatus_Saccharibacteria,Abundance,6,0.031,0.039
D02,Medium,Phylum_Candidatus_Saccharibacteria,Abundance,6,0.046,0.056
D05,Control,Phylum_Candidatus_Saccharibacteria,Abundance,6,0.012,0.013
D05,High,Phylum_Candidatus_Saccharibacteria,Abundance,6,0.003,0.003
D05,Low,Phylum_Candidatus_Saccharibacteria,Abundance,6,0.007,0.006
D05,Medium,Phylum_Candidatus_Saccharibacteria,Abundance,6,0.011,0.022
D09,Control,Phylum_Candidatus_Saccharibacteria,Abundance,6,0.018,0.025
D09,High,Phylum_Candidatus_Saccharibacteria,Abundance,6,0.003,0.006
D09,Low,Phylum_Candidatus_Saccharibacteria,Abundance,6,0.001,0.002
D09,Medium,Phylum_Candidatus_Saccharibacteria,Abundance,6,0.003,0.005
D02,Control,Phylum_Firmicutes,Abundance,6,1.148,1.175
D02,High,Phylum_Firmicutes,Abundance,6,1.314,0.765
D02,Low,Phylum_Firmicutes,Abundance,6,0.639,0.294
D02,Medium,Phylum_Firmicutes,Abundance,6,1.09,0.452
D05,Control,Phylum_Firmicutes,Abundance,6,1.014,0.442
D05,High,Phylum_Firmicutes,Abundance,6,0.921,0.505
D05,Low,Phylum_Firmicutes,Abundance,6,0.551,0.239
D05,Medium,Phylum_Firmicutes,Abundance,6,1.4,0.81
D09,Control,Phylum_Firmicutes,Abundance,6,1.202,1.246
D09,High,Phylum_Firmicutes,Abundance,6,0.462,0.416
D09,Low,Phylum_Firmicutes,Abundance,6,0.623,0.632
D09,Medium,Phylum_Firmicutes,Abundance,6,0.622,0.16
D02,Control,Phylum_Proteobacteria,Abundance,6,0.002,0.002
D02,High,Phylum_Proteobacteria,Abundance,6,0.039,0.041
D02,Low,Phylum_Proteobacteria,Abundance,6,0.008,0.013
D02,Medium,Phylum_Proteobacteria,Abundance,6,0.014,0.021
D05,Control,Phylum_Proteobacteria,Abundance,6,0.001,0.002
D05,High,Phylum_Proteobacteria,Abundance,6,0.073,0.057
D05,Low,Phylum_Proteobacteria,Abundance,6,0.025,0.039
D05,Medium,Phylum_Proteobacteria,Abundance,6,0.048,0.076
D09,Control,Phylum_Proteobacteria,Abundance,6,0.008,0.019
D09,High,Phylum_Proteobacteria,Abundance,6,0.111,0.155
D09,Low,Phylum_Proteobacteria,Abundance,6,0.078,0.073
D09,Medium,Phylum_Proteobacteria,Abundance,6,0.013,0.015
D02,Control,Prevotella,Abundance,6,1.035,1.057
D02,High,Prevotella,Abundance,6,1.206,1.33
D02,Low,Prevotella,Abundance,6,2.383,1.09
D02,Medium,Prevotella,Abundance,6,0.995,0.765
D05,Control,Prevotella,Abundance,6,0.71,0.483
D05,High,Prevotella,Abundance,6,2.41,1.764
D05,Low,Prevotella,Abundance,6,2.465,2.47
D05,Medium,Prevotella,Abundance,6,0.862,0.828
D09,Control,Prevotella,Abundance,6,0.737,0.662
D09,High,Prevotella,Abundance,6,2.279,1.599
D09,Low,Prevotella,Abundance,6,4.642,3.927
D09,Medium,Prevotella,Abundance,6,2.665,2.442
D02,Control,Pseudoflavonifractor,Abundance,6,0.201,0.051
D02,High,Pseudoflavonifractor,Abundance,6,0.234,0.144
D02,Low,Pseudoflavonifractor,Abundance,6,0.2,0.043
D02,Medium,Pseudoflavonifractor,Abundance,6,0.172,0.073
D05,Control,Pseudoflavonifractor,Abundance,6,0.204,0.084
D05,High,Pseudoflavonifractor,Abundance,6,0.171,0.097
D05,Low,Pseudoflavonifractor,Abundance,6,0.143,0.04
D05,Medium,Pseudoflavonifractor,Abundance,6,0.246,0.198
D09,Control,Pseudoflavonifractor,Abundance,6,0.192,0.14
D09,High,Pseudoflavonifractor,Abundance,6,0.151,0.063
D09,Low,Pseudoflavonifractor,Abundance,6,0.137,0.075
D09,Medium,Pseudoflavonifractor,Abundance,6,0.129,0.053
D02,Control,Pseudomonas,Abundance,6,0,0
D02,High,Pseudomonas,Abundance,6,0,0
D02,Low,Pseudomonas,Abundance,6,0,0
D02,Medium,Pseudomonas,Abundance,6,0.001,0.001
D05,Control,Pseudomonas,Abundance,6,0.001,0.002
D05,High,Pseudomonas,Abundance,6,0,0.001
D05,Low,Pseudomonas,Abundance,6,0,0.001
D05,Medium,Pseudomonas,Abundance,6,0,0
D09,Control,Pseudomonas,Abundance,6,0,0
D09,High,Pseudomonas,Abundance,6,0.001,0.002
D09,Low,Pseudomonas,Abundance,6,0,0
D09,Medium,Pseudomonas,Abundance,6,0,0.001
D02,Control,Ralstonia,Abundance,6,0.001,0.001
D02,High,Ralstonia,Abundance,6,0.001,0.002
D02,Low,Ralstonia,Abundance,6,0.001,0.002
D02,Medium,Ralstonia,Abundance,6,0.001,0.002
D05,Control,Ralstonia,Abundance,6,0,0.001
D05,High,Ralstonia,Abundance,6,0.001,0.001
D05,Low,Ralstonia,Abundance,6,0.001,0.001
D05,Medium,Ralstonia,Abundance,6,0,0.001
D09,Control,Ralstonia,Abundance,6,0.001,0.002
D09,High,Ralstonia,Abundance,6,0.001,0.001
D09,Low,Ralstonia,Abundance,6,0,0
D09,Medium,Ralstonia,Abundance,6,0.001,0.001
D02,Control,Romboutsia,Abundance,6,0.002,0.003
D02,High,Romboutsia,Abundance,6,0.002,0.002
D02,Low,Romboutsia,Abundance,6,0.001,0.001
D02,Medium,Romboutsia,Abundance,6,0.001,0.002
D05,Control,Romboutsia,Abundance,6,0,0
D05,High,Romboutsia,Abundance,6,0.002,0.002
D05,Low,Romboutsia,Abundance,6,0.001,0.002
D05,Medium,Romboutsia,Abundance,6,0.001,0.001
D09,Control,Romboutsia,Abundance,6,0.001,0.001
D09,High,Romboutsia,Abundance,6,0.002,0.002
D09,Low,Romboutsia,Abundance,6,0.001,0.002
D09,Medium,Romboutsia,Abundance,6,0,0.001
D02,Control,Roseburia,Abundance,6,0.154,0.163
D02,High,Roseburia,Abundance,6,0.206,0.363
D02,Low,Roseburia,Abundance,6,0.046,0.041
D02,Medium,Roseburia,Abundance,6,0.043,0.038
D05,Control,Roseburia,Abundance,6,0.173,0.411
D05,High,Roseburia,Abundance,6,0.123,0.123
D05,Low,Roseburia,Abundance,6,0.502,0.93
D05,Medium,Roseburia,Abundance,6,0.169,0.163
D09,Control,Roseburia,Abundance,6,0.275,0.275
D09,High,Roseburia,Abundance,6,0.166,0.4
D09,Low,Roseburia,Abundance,6,0.37,0.873
D09,Medium,Roseburia,Abundance,6,0.03,0.043
D02,Control,Ruminococcus,Abundance,6,2.931,0.424
D02,High,Ruminococcus,Abundance,6,2.157,2.066
D02,Low,Ruminococcus,Abundance,6,0.853,0.701
D02,Medium,Ruminococcus,Abundance,6,2.854,1.817
D05,Control,Ruminococcus,Abundance,6,3.205,1.181
D05,High,Ruminococcus,Abundance,6,1.766,1.888
D05,Low,Ruminococcus,Abundance,6,1.336,1.658
D05,Medium,Ruminococcus,Abundance,6,2.453,1.53
D09,Control,Ruminococcus,Abundance,6,0.204,0.145
D09,High,Ruminococcus,Abundance,6,0.282,0.255
D09,Low,Ruminococcus,Abundance,6,0.6,1.041
D09,Medium,Ruminococcus,Abundance,6,0.656,0.649
D02,Control,Ruthenibacterium,Abundance,6,0.025,0.028
D02,High,Ruthenibacterium,Abundance,6,0.021,0.033
D02,Low,Ruthenibacterium,Abundance,6,0.042,0.026
D02,Medium,Ruthenibacterium,Abundance,6,0.032,0.023
D05,Control,Ruthenibacterium,Abundance,6,0.026,0.043
D05,High,Ruthenibacterium,Abundance,6,0.018,0.036
D05,Low,Ruthenibacterium,Abundance,6,0.035,0.014
D05,Medium,Ruthenibacterium,Abundance,6,0.016,0.018
D09,Control,Ruthenibacterium,Abundance,6,0.022,0.015
D09,High,Ruthenibacterium,Abundance,6,0.043,0.053
D09,Low,Ruthenibacterium,Abundance,6,0.051,0.071
D09,Medium,Ruthenibacterium,Abundance,6,0.024,0.029
D02,Control,Saccharofermentans,Abundance,6,0.013,0.014
D02,High,Saccharofermentans,Abundance,6,0.005,0.005
D02,Low,Saccharofermentans,Abundance,6,0.003,0.003
D02,Medium,Saccharofermentans,Abundance,6,0.002,0.003
D05,Control,Saccharofermentans,Abundance,6,0.01,0.012
D05,High,Saccharofermentans,Abundance,6,0.028,0.043
D05,Low,Saccharofermentans,Abundance,6,0.005,0.004
D05,Medium,Saccharofermentans,Abundance,6,0.003,0.005
D09,Control,Saccharofermentans,Abundance,6,0.02,0.048
D09,High,Saccharofermentans,Abundance,6,0.001,0.002
D09,Low,Saccharofermentans,Abundance,6,0.003,0.002
D09,Medium,Saccharofermentans,Abundance,6,0.008,0.014
D02,Control,Salmonella,Abundance,6,0,0
D02,High,Salmonella,Abundance,6,0,0
D02,Low,Salmonella,Abundance,6,0,0.001
D02,Medium,Salmonella,Abundance,6,0.001,0.001
D05,Control,Salmonella,Abundance,6,0.001,0.002
D05,High,Salmonella,Abundance,6,0,0
D05,Low,Salmonella,Abundance,6,0.001,0.001
D05,Medium,Salmonella,Abundance,6,0,0
D09,Control,Salmonella,Abundance,6,0,0
D09,High,Salmonella,Abundance,6,0,0
D09,Low,Salmonella,Abundance,6,0,0
D09,Medium,Salmonella,Abundance,6,0,0.001
D02,Control,Sediminibacterium,Abundance,6,0.001,0.001
D02,High,Sediminibacterium,Abundance,6,0,0.001
D02,Low,Sediminibacterium,Abundance,6,0,0
D02,Medium,Sediminibacterium,Abundance,6,0,0.001
D05,Control,Sediminibacterium,Abundance,6,0.001,0.001
D05,High,Sediminibacterium,Abundance,6,0,0.001
D05,Low,Sediminibacterium,Abundance,6,0,0
D05,Medium,Sediminibacterium,Abundance,6,0,0.001
D09,Control,Sediminibacterium,Abundance,6,0,0
D09,High,Sediminibacterium,Abundance,6,0.001,0.002
D09,Low,Sediminibacterium,Abundance,6,0,0
D09,Medium,Sediminibacterium,Abundance,6,0,0
D02,Control,Slackia,Abundance,6,0.007,0.007
D02,High,Slackia,Abundance,6,0.028,0.043
D02,Low,Slackia,Abundance,6,0.027,0.032
D02,Medium,Slackia,Abundance,6,0.027,0.045
D05,Control,Slackia,Abundance,6,0.011,0.008
D05,High,Slackia,Abundance,6,0.012,0.011
D05,Low,Slackia,Abundance,6,0.027,0.032
D05,Medium,Slackia,Abundance,6,0.01,0.015
D09,Control,Slackia,Abundance,6,0.067,0.09
D09,High,Slackia,Abundance,6,0.044,0.059
D09,Low,Slackia,Abundance,6,0.035,0.03
D09,Medium,Slackia,Abundance,6,0.031,0.042
D02,Control,Staphylococcus,Abundance,6,0.001,0.001
D02,High,Staphylococcus,Abundance,6,0.001,0.002
D02,Low,Staphylococcus,Abundance,6,0.002,0.003
D02,Medium,Staphylococcus,Abundance,6,0.007,0.016
D05,Control,Staphylococcus,Abundance,6,0.001,0.002
D05,High,Staphylococcus,Abundance,6,0.001,0.001
D05,Low,Staphylococcus,Abundance,6,0.002,0.002
D05,Medium,Staphylococcus,Abundance,6,0.002,0.003
D09,Control,Staphylococcus,Abundance,6,0,0.001
D09,High,Staphylococcus,Abundance,6,0,0
D09,Low,Staphylococcus,Abundance,6,0.001,0.002
D09,Medium,Staphylococcus,Abundance,6,0,0
D02,Control,Streptococcus,Abundance,6,0.011,0.01
D02,High,Streptococcus,Abundance,6,0.006,0.005
D02,Low,Streptococcus,Abundance,6,0.021,0.036
D02,Medium,Streptococcus,Abundance,6,0.03,0.045
D05,Control,Streptococcus,Abundance,6,0.009,0.013
D05,High,Streptococcus,Abundance,6,0.003,0.003
D05,Low,Streptococcus,Abundance,6,0.009,0.007
D05,Medium,Streptococcus,Abundance,6,0.01,0.006
D09,Control,Streptococcus,Abundance,6,0.03,0.043
D09,High,Streptococcus,Abundance,6,0.008,0.009
D09,Low,Streptococcus,Abundance,6,0.045,0.054
D09,Medium,Streptococcus,Abundance,6,0.016,0.01
D02,Control,Turicibacter,Abundance,6,0,0
D02,High,Turicibacter,Abundance,6,0.002,0.003
D02,Low,Turicibacter,Abundance,6,0,0.001
D02,Medium,Turicibacter,Abundance,6,0,0
D05,Control,Turicibacter,Abundance,6,0,0.001
D05,High,Turicibacter,Abundance,6,0,0
D05,Low,Turicibacter,Abundance,6,0,0
D05,Medium,Turicibacter,Abundance,6,0,0
D09,Control,Turicibacter,Abundance,6,0,0
D09,High,Turicibacter,Abundance,6,0.014,0.022
D09,Low,Turicibacter,Abundance,6,0.003,0.005
D09,Medium,Turicibacter,Abundance,6,0.156,0.38
D02,Control,Turicimonas,Abundance,6,0.012,0.006
D02,High,Turicimonas,Abundance,6,0.048,0.067
D02,Low,Turicimonas,Abundance,6,0.024,0.025
D02,Medium,Turicimonas,Abundance,6,0.008,0.006
D05,Control,Turicimonas,Abundance,6,0.014,0.014
D05,High,Turicimonas,Abundance,6,0.074,0.057
D05,Low,Turicimonas,Abundance,6,0.026,0.022
D05,Medium,Turicimonas,Abundance,6,0.022,0.019
D09,Control,Turicimonas,Abundance,6,0.025,0.043
D09,High,Turicimonas,Abundance,6,0.102,0.105
D09,Low,Turicimonas,Abundance,6,0.081,0.029
D09,Medium,Turicimonas,Abundance,6,0.083,0.084
